,nSeqCDR3,count
0,TGCAGCGCCCGGACAGGTAACTACGAGCAGTACTTC,1
1,TGCAGCGTCCGGGACAGGGCGAGAGAGCAGTACTTC,1
2,TGCAGCGTGTCCGCGGGGTTAAGCAATCAGCCCCAGCATTTT,1
3,TGCAGCGTTAGACTGAACACTGAAGCTTTCTTT,1
4,TGCAGCGTTCAGGGGGGCTCCTACAATGAGCAGTTCTTC,1
5,TGCAGCGTTCCCGGGACCGCCAACACTGAAGCTTTCTTT,1
6,TGCAGCGTTGAAAAGATCGCTGAAGCTTTCTTT,1
7,TGCAGCGTTGAAGAGGACAGCAATCAGCCCCAGCATTTT,1
8,TGCAGCGTTGAATCAGGGGGGGCGAACTATGGCTACACCTTC,1
9,TGCAGCGTTGACTCGGGGTTGGAAGCTTTCTTT,1
10,TGCAGCGTTGAGGCAGGAGAGAAACTGTTTTTT,1
11,TGCAGCGTTGAGGGGGGACTTAGGGGGCCTCAAGAGACCCAGTACTTC,1
12,TGCAGCGTTGGGGGAATGAACACTGAAGCTTTCTTT,1
13,TGCAGCGTTGGGGTCAACACCGGGGAGCTGTTTTTT,1
14,TGCAGCGTTGGGGTTAGCGGCGGGGAGCTGTTTTTT,1
15,TGCAGCGTTTGGAGTGGCACTGAAGCTTTCTTT,1
16,TGCAGTACCCGACTTTTCTTT,1
17,TGCAGTATAGGCGGACTAGCGGGGTGGGCCGGGGAGCTGTTTTTT,2
18,TGCAGTGCAGACCCTAGCGGGGGTAATTACAATGAGCAGTTCTTC,1
19,TGCAGTGCAGAGGGGCGGGGGAACTCCTACAATGAGCAGTTCTTC,1
20,TGCAGTGCCCCCGGCTGGCAGAATCAGCCCCAGCATTTT,1
21,TGCAGTGCCCCTTCCAGCTCTGGAAACACCATATATTTT,1
22,TGCAGTGCTAGACTTGGGGAGACCCAGTACTTC,1
23,TGCAGTGCTAGAGACATAACCTATGGCTACACCTTC,1
24,TGCAGTGCTAGAGAGGAGGCCCGGACCCAGTACTTC,1
25,TGCAGTGCTAGAGATCCAAGACAGAGCTCCTACGAGCAGTACTTC,1
26,TGCAGTGCTAGAGATCGGAGGCAGGGGGCCATCAATGAGCAGTTCTTC,1
27,TGCAGTGCTAGAGATTCAGGGACACACTCCTACGAGCAGTACTTC,1
28,TGCAGTGCTAGAGCTAACGATAGGACTGGAGCTTTCTTT,1
29,TGCAGTGCTAGAGGTCGTTCGGACACTGAAGCTTTCTTT,1
30,TGCAGTGCTAGAGTAGCAATGGAGGGACAGGGGTCACCCCTCCACTTT,1
31,TGCAGTGCTAGAGTTGACGGGGATAATACTGAAGCTTTCTTT,1
32,TGCAGTGCTAGCCAGGGGGAAAGAGGAAACACCATATATTTT,1
33,TGCAGTGCTAGCCCAAAGGGGGGGGTTAGGGGTGGAGCTTTCTTT,1
34,TGCAGTGCTAGCTGGGACAGCAGAAACACCATATATTTT,1
35,TGCAGTGCTAGGGAAGCGGGGGGTGTATACGAGCAGTACTTC,1
36,TGCAGTGCTAGGGAGGCGGGGTATAGCAATCAGCCCCAGCATTTT,1
37,TGCAGTGCTCCAGGAGGGAGCGGGGGCTATGGCTACACCTTC,1
38,TGCAGTGCTCCCCGGGACAGTCTCACCGGGGAGCTGTTTTTT,1
39,TGCAGTGCTCGTACAGGGGGCAGCCACACTGAAGCTTTCTTT,1
40,TGCAGTGCTGCCCGTTCAGGGGAGCAGTACTTC,1
41,TGCAGTGCTGGAGGGGAGCGGGGGATAAATCAGCCCCAGCATTTT,1
42,TGCAGTGCTGGTGACAGGGGCGATGAGCAGTTCTTC,1
43,TGCAGTGCTTTACAGGGTAATGGGCCCCAGCATTTT,1
44,TGCAGTGGCCCGTCCCCGACAGAGGCCATGAACACTGAAGCTTTCTTT,1
45,TGCGCCAGAGCTAAACAGGGGGCTCTACTCAAGTTGAACACTGAAGCTTTCTTT,1
46,TGCGCCAGCAAGGAAGGTGCTGGAAACACCATATATTTT,1
47,TGCGCCAGCACCGCCGGAGGGCAAGCAGATACGCAGTATTTT,1
48,TGCGCCAGCACCTACACCGACTCTGGGGCCAACGTCCTGACTTTC,1
49,TGCGCCAGCAGACCGGTCGGTAGTTTGTACACTGAAGCTTTCTTT,1
50,TGCGCCAGCAGATCCGGACAGCCGAACACTGAAGCTTTCTTT,1
51,TGCGCCAGCAGCAATGACAGGGAAACCTACAATGAGCAGTTCTTC,2
52,TGCGCCAGCAGCCAAAAGGCAGGGTCCGTGGAAGGCTACACCTTC,1
53,TGCGCCAGCAGCCAAAGTGGCAGCTCCTACGAGCAGTACTTC,1
54,TGCGCCAGCAGCCAACCAGGCCGGAACACTGAAGCTTTCTTT,1
55,TGCGCCAGCAGCCAACCCACACCCGGGACAGGGTACGAAAAACTGTTTTTT,1
56,TGCGCCAGCAGCCAAGAACAGGGACAGAACACTGAAGCTTTCTTT,1
57,TGCGCCAGCAGCCAAGAACCCCGGACTAGCGGGGGTACCGGGGAGCTGTTTTTT,1
58,TGCGCCAGCAGCCAAGAACGGATTTCAACTAATGAAAAACTGTTTTTT,1
59,TGCGCCAGCAGCCAAGAAGGCGAAAAACTGTTTTTT,1
60,TGCGCCAGCAGCCAAGAAGGGGAGCGACAGCCCCAGCATTTT,1
61,TGCGCCAGCAGCCAAGAATCCGGGACAGGGTATGAAAAACTGTTTTTT,1
62,TGCGCCAGCAGCCAAGACCTAGCCTACGAGCAGTACTTC,1
63,TGCGCCAGCAGCCAAGAGCTAGCGGGGGGGTCTGGGGCCAACGTCCTGACTTTC,1
64,TGCGCCAGCAGCCAAGAGGGGTCCACCTATTCTGGGGCCAACGTCCTGACTTTC,1
65,TGCGCCAGCAGCCAAGAGGGTGGGGGACGCTACTATGGCTACACCTTC,1
66,TGCGCCAGCAGCCAAGAGTGGGGCCAAGAGACCCAGTACTTC,1
67,TGCGCCAGCAGCCAAGATACGGGGTCCGGGGCCAACGTCCTGACTTTC,1
68,TGCGCCAGCAGCCAAGATCAGGGCTCTGGGGCCAACGTCCTGACTTTC,1
69,TGCGCCAGCAGCCAAGATCCGAACACTGAAGCTTTCTTT,1
70,TGCGCCAGCAGCCAAGATCCTCGGTATGGCTACACCTTC,1
71,TGCGCCAGCAGCCAAGATCGAGGGGGAATCGGAGGCACTGAAGCTTTCTTT,2
72,TGCGCCAGCAGCCAAGATCGAGGGGGGGCAGATACGCAGTATTTT,1
73,TGCGCCAGCAGCCAAGATCTTGGGGGGAGGGCTGAAGCTTTCTTT,1
74,TGCGCCAGCAGCCAAGATGAGGAAGCGGGATTCTACAATGAGCAGTTCTTC,1
75,TGCGCCAGCAGCCAAGATGGGACTAGCGGGGGAGAGACCCAGTACTTC,1
76,TGCGCCAGCAGCCAAGATGTAGGGCTGGATCAGCCCCAGCATTTT,1
77,TGCGCCAGCAGCCAAGATTGGCCACGGCAGGTATACTTTCAGCCCCAGCATTTT,1
78,TGCGCCAGCAGCCAAGCACGGGCCTCCTACGAGCAGTACTTC,1
79,TGCGCCAGCAGCCAAGCCCCACCGGGACAGGGGACCTACGAGCAGTACTTC,1
80,TGCGCCAGCAGCCAAGCCCGGGTTTCGGTAAATCAGCCCCAGCATTTT,1
81,TGCGCCAGCAGCCAAGCTAGCGGGGGGGCAGATACGCAGTATTTT,1
82,TGCGCCAGCAGCCAAGGACAGCTAAGCTCCTACGAGCAGTACTTC,1
83,TGCGCCAGCAGCCAAGGACTAGCGGACTACAATGAGCAGTTCTTC,1
84,TGCGCCAGCAGCCAAGGATTATTAACAAGACTAAGTCGGCATCAGCCCCAGCATTTT,1
85,TGCGCCAGCAGCCAAGGCCCATACTCTAATGAAAAACTGTTTTTT,1
86,TGCGCCAGCAGCCAAGGCCCCGCCTACGAGCAGTACTTC,1
87,TGCGCCAGCAGCCAAGGCGGGACAGGGCGAGATACGCAGTATTTT,1
88,TGCGCCAGCAGCCAAGGCGGGGGTTACCCTCTCGAGCAGTACTTC,3
89,TGCGCCAGCAGCCAAGGGACAGAGCATGGCTACACCTTC,1
90,TGCGCCAGCAGCCAAGGGACATATAGCAATCAGCCCCAGCATTTT,1
91,TGCGCCAGCAGCCAAGGTGTACTGCAGCTCGCTGAAGCTTTCTTT,1
92,TGCGCCAGCAGCCAGGCAGACGGGGCCCTCTATGGCTACACCTTC,1
93,TGCGCCAGCAGCCAGGGACTTAGCTCCTACGAGCAGTACTTC,1
94,TGCGCCAGCAGCCAGGTGGGCGGGGGATCCTACGAGCAGTACTTC,1
95,TGCGCCAGCAGCCATGAACCCTGGAACACTGAAGCTTTCTTT,1
96,TGCGCCAGCAGCCATGCAGGGGGCTCTGGGGCCAACGTCCTGACTTTC,1
97,TGCGCCAGCAGCCCAAGGGGAGCGGGAAACACCATATATTTT,1
98,TGCGCCAGCAGCCCAGCGGGGGGTGCAGATACGCAGTATTTT,1
99,TGCGCCAGCAGCCCCACCCGGGACCTGAACACTGAAGCTTTCTTT,1
100,TGCGCCAGCAGCCCCAGGACAGGACCCTACGAGCAGTACTTC,1
101,TGCGCCAGCAGCCCCCTAATAGGTGAAGCTTTCTTT,1
102,TGCGCCAGCAGCCCCGGGGGAGACGGCTACACCTTC,1
103,TGCGCCAGCAGCCCCTGGAGGGGAGACACTGAAGCTTTCTTT,40
104,TGCGCCAGCAGCCCGACTAGCGGGGGGACAGATACGCAGTATTTT,1
105,TGCGCCAGCAGCCCGCGGGGGGCGGAGACCCAGTACTTC,1
106,TGCGCCAGCAGCCCTTGGACAGGGGGAAATGAGCAGTTCTTC,1
107,TGCGCCAGCAGCCGATCCGGGACAGAGAACACTGAAGCTTTCTTT,1
108,TGCGCCAGCAGCCTAGCGGGGGGGCCAGAGACCCAGTACTTC,1
109,TGCGCCAGCAGCCTCGCGTGGGGGGGCGTAGTGTACGAGCAGTACTTC,1
110,TGCGCCAGCAGCCTCGGGGGGCAGGGACTGAACGAGCAGTACTTC,1
111,TGCGCCAGCAGCCTGGCCTCATTTAGCTATGGCTACACCTTC,1
112,TGCGCCAGCAGCCTTACTGAGGCCACGGGAGGGATCCGATACGAGCAGTACTTC,1
113,TGCGCCAGCAGCGAGCGGGGTGGGCAGTTCTTC,1
114,TGCGCCAGCAGCGAGTGGGAGGGTTCCACTGAAGCTTTCTTT,1
115,TGCGCCAGCAGCGCGGGGCCCCGAGATGAAAAACTGTTTTTT,1
116,TGCGCCAGCAGCGGCGGGACTCAAGAGTATTTT,1
117,TGCGCCAGCAGCTCCCTTAACACCGGGGAGCTGTTTTTT,1
118,TGCGCCAGCAGCTCCTGGGCTAAGTCTCTGAACACTGAAGCTTTCTTT,1
119,TGCGCCAGCAGCTCGGGGGGGCCCTCCTACAATGAGCAGTTCTTC,1
120,TGCGCCAGCAGCTGGGCGACAGGGGGGGGCTACGAGCAGTACTTC,1
121,TGCGCCAGCAGCTTAAACGCCGACACCTACAATGAGCAGTTCTTC,1
122,TGCGCCAGCAGCTTAAGTACAGGGGGCGTCACTGAAGCTTTCTTT,1
123,TGCGCCAGCAGCTTAGGCAAAGGGGAGCAGTACTTC,1
124,TGCGCCAGCAGCTTAGGGGCCTACGAGCAGTACTTC,1
125,TGCGCCAGCAGCTTAGGGGTCATGGGCGTCGACACTGAAGCTTTCTTT,1
126,TGCGCCAGCAGCTTCCAGGGGGGGAACACTGAAGCTTTCTTT,1
127,TGCGCCAGCAGCTTGACGGCAGAACAATATGGCTACACCTTC,1
128,TGCGCCAGCAGCTTGGAAGGGTTTATTAATGAAAAACTGTTTTTT,1
129,TGCGCCAGCAGCTTGGACGGGGGAGACTATGGCTACACCTTC,1
130,TGCGCCAGCAGCTTGGATCGGGGCACCCCACGTGAAGCTTTCTTT,1
131,TGCGCCAGCAGCTTGGCCAGCGGAACCTACGAGCAGTACTTC,1
132,TGCGCCAGCAGCTTGGCCGACAGCTTCTATGGCTACACCTTC,1
133,TGCGCCAGCAGCTTGGCTCCCAGCGGGGGGGCAAGGTACAATGAGCAGTTCTTC,1
134,TGCGCCAGCAGCTTGGGACCGCAATCTGGAAACACCATATATTTT,1
135,TGCGCCAGCAGCTTGGGGGGACCGATCAATGAGCAGTTCTTC,1
136,TGCGCCAGCAGCTTGGGGGGCAGTGGGCAGTTCTTC,1
137,TGCGCCAGCAGCTTGGGGGGGACGGCTAACTATGGCTACACCTTC,1
138,TGCGCCAGCAGCTTGGGGTCGGGAAGCGGACTCCAAGAGACCCAGTACTTC,1
139,TGCGCCAGCAGCTTGGGTGCCGGGGGCATGCAGGGCTACACCTTC,1
140,TGCGCCAGCAGCTTGGGTTTCAGGACTAATGAAAAACTGTTTTTT,1
141,TGCGCCAGCAGCTTGGTATCAGGGAATCAGCCCCAGCATTTT,1
142,TGCGCCAGCAGCTTGGTTACGCCCGAATGGAACACTGAAGCTTTCTTT,1
143,TGCGCCAGCAGCTTGTGGGGCTACGAGCAGTACTTC,1
144,TGCGCCAGCAGCTTTGGAAACGAATTTGGGGCCAACGTCCTGACTTTC,1
145,TGCGCCAGCAGGGAGGGGAGCACAGATACGCAGTATTTT,1
146,TGCGCCAGCAGTCAGGGAGGGTACTACGAGCAGTACTTC,1
147,TGCGCCAGCAGTCGAGGGGGGGGCACAGATACGCAGTATTTT,1
148,TGCGCCAGCAGTGAAGGACAGCAAGCAACCTACGAGCAGTACTTC,1
149,TGCGCCAGCAGTGAGAGACAGAGCTACGAGCAGTACTTC,1
150,TGCGCCAGCAGTTCTGGGGCGCGGGTTAATTCACCCCTCCACTTT,1
151,TGCGCCAGCGGAGGAGCTAACTATGGCTACACCTTC,1
152,TGCGCCAGCGGGGATTTGGGTAACTATGGCTACACCTTC,1
153,TGCGCCAGCTGCTCGACCAGGGGGGACACTGAAGCTTTCTTT,1
154,TGCGCCGGCCGGGACACCGCCTCCTACGAGCAGTACTTC,1
155,TGTGCAAGTCGCTTAGACAGGGGCAATCAGCCCCAGCATTTT,1
156,TGTGCCAACCCAACTAGCGGGGGACCTTACGAGCAGTACTTC,1
157,TGTGCCACCAAAGGGAGTTGGGCCACTGAAGCTTTCTTT,1
158,TGTGCCACCAATGAAAGACACTTCGGGGAGCAGTACTTC,1
159,TGTGCCACCACCCAGGGGGCGCGCACTGAAGCTTTCTTT,1
160,TGTGCCACCAGAAGGGGAGGCACCGGGGAGCTGTTTTTT,1
161,TGTGCCACCAGCACGACCGGGACGGTCTCCTACGAGCAGTACTTC,1
162,TGTGCCACCAGCAGAGAGATGAACACTGAAGCTTTCTTT,1
163,TGTGCCACCAGCAGGGACCCAGGGAATTCACCCCTCCACTTT,1
164,TGTGCCACCAGCAGTCTAGCGGGGTCCTTCTCCTACAATGGGCAGTTCTTC,1
165,TGTGCCACCAGCCGGGGGGGGGAGAATTCACCCCTCCACTTT,1
166,TGTGCCACCAGCGGCGGGACAGGGGCTGGGAATGAGCAGTTCTTC,1
167,TGTGCCACCAGCGGGGGGGCTCGGCAGCCCCAGCATTTT,1
168,TGTGCCACCAGCGTCCGGGACAGGGGCCTTACCTACGAGCAGTACTTC,1
169,TGTGCCACCAGTGACAGCGGACAGGGGGCAAACTATGGCTACACCTTC,1
170,TGTGCCACCAGTGAGTCGGGGACAGGGGAGTACGGGGAGCTGTTTTTT,1
171,TGTGCCACCAGTGATCCCAATGAAAAACTGTTTTTT,1
172,TGTGCCACCAGTGATTCAGGCAGGTACTCCTACAATGAGCAGTTCTTC,1
173,TGTGCCACCAGTGATTTATCTATGGCTTTCTTT,1
174,TGTGCCACCAGTGATTTTTCGACAGGGCGGGAGACCCAGTACTTC,1
175,TGTGCCACCAGTGCGGGGGGGGACTTCGCGAACACCGGGGAGCTGTTTTTT,1
176,TGTGCCACCAGTGGACAGGGGGCTGCGAACACCGGGGAGCTGTTTTTT,1
177,TGTGCCACCAGTGGGGGGAAACTCACCGGGGAGCTGTTTTTT,1
178,TGTGCCACCCCTCCCCCCGGGATTAATGAAAAACTGTTTTTT,1
179,TGTGCCACCCTGCCTAATGGCCGGAGTAGCAATCAGCCCCAGCATTTT,1
180,TGTGCCACCGCCCGGGCACCGAATGAAAAACTGTTTTTT,1
181,TGTGCCACCGCTCCGAGGATTCTGAAAAACACCGGGGAGCTGTTTTTT,1
182,TGTGCCACCGGGAAGACTAGCGGGGACGCAGATACGCAGTATTTT,1
183,TGTGCCACCGGGAGGGAAACAACTAATGAAAAACTGTTTTTT,1
184,TGTGCCACCGGGGAGGACTATGGCTACACCTTC,1
185,TGTGCCACGAGAGACGCAACTAATGAAAAACTGTTTTTT,1
186,TGTGCCACTACTCAGACTAGCGGGCACTACGAGCAGTACTTC,1
187,TGTGCCACTTGGACTAGCGGGGATTGGGTGCAGTACTTC,1
188,TGTGCCAGCAAAAGGGAAGGCACTGAAGCTTTCTTT,1
189,TGTGCCAGCAAAAGGGGCACGGGCACTGAAGCTTTCTTT,1
190,TGTGCCAGCAAACAGGGAGACTATGGCTACACCTTC,1
191,TGTGCCAGCAAAGCAGCAGGTATGAACACTGAAGCTTTCTTT,1
192,TGTGCCAGCAAATCAAGGGCAGGGGAGTATAATTCACCCCTCCACTTT,1
193,TGTGCCAGCAACCGACAGGGGCCTAACACTGAAGCTTTCTTT,1
194,TGTGCCAGCAACCGACAGGTCACTGAAGCTTTCTTT,1
195,TGTGCCAGCAACCGGGACAGGGGGGAAAAGACCCAGTACTTC,3
196,TGTGCCAGCAAGAAGACAGGGGGCGCTTTGTACGAGCAGTACTTC,1
197,TGTGCCAGCAAGGGACTAGCGGGGGATAAGGAGTATTTT,1
198,TGTGCCAGCAAGGGGGACAGGGGTGACAACCCTAACTATGGCTACACCTTC,1
199,TGTGCCAGCAATAAGGTCGGTCAGCCCCAGCATTTT,1
200,TGTGCCAGCAATAGTGGGGTATCGAACACCGGGGAGCTGTTTTTT,1
201,TGTGCCAGCACACCACGTCAAGGGAGTTTCACTGAAGCTTTCTTT,1
202,TGTGCCAGCACAGGACCTGAGGGGTATGGCTACACCTTC,1
203,TGTGCCAGCACAGGCAGCGCCTACGAGCAGTACTTC,1
204,TGTGCCAGCACAGGGCAGAACCTCTACGAGCAGTACTTC,1
205,TGTGCCAGCACAGGGGGTAGCTCCTACGAGCAGTACTTC,1
206,TGTGCCAGCACCACACAGGGGCGCGGATCACCCCTCCACTTT,1
207,TGTGCCAGCACCATACGGCGCGCGAGGGGGGCTGAAGCTTTCTTT,1
208,TGTGCCAGCACCCAAGCCCCCAGGGTCGCTGAAGCTTTCTTT,1
209,TGTGCCAGCACCCAGAACGGGAGGAATGGCTACACCTTC,1
210,TGTGCCAGCACCCCCAGGGTCGGGGAGCTGTTTTTT,1
211,TGTGCCAGCACCCCCTCGCGGGAAGCTAGGGGCTACACCTTC,2
212,TGTGCCAGCACCCCGCGGGTGGTAGCTGGAAACACCATATATTTT,1
213,TGTGCCAGCACCCCGGAGCTCTATAATTCACCCCTCCACTTT,1
214,TGTGCCAGCACCCGGGAGCGGGGGGGCGAAGAGACCCAGTACTTC,1
215,TGTGCCAGCACCCTAGAGGCGGTGAGCAATCAGCCCCAGCATTTT,1
216,TGTGCCAGCACCCTTTGGGGGACAGGTTGGGAGCCCCAGCATTTT,1
217,TGTGCCAGCACCGATAGGACTCTTGCAACTAATGAAAAACTGTTTTTT,1
218,TGTGCCAGCACCGTAGGAGTGACCGATGGAAACACCATATATTTT,1
219,TGTGCCAGCACTCTAGGGGCGAGCTCCTATAATTCACCCCTCCACTTT,1
220,TGTGCCAGCACTGGGACGTCGGGGACCGAAAAACTGTTTTTT,3
221,TGTGCCAGCAGAAGTTCTCCCAACAGGGGGCGGTCGGAAAAACTGTTTTTT,1
222,TGTGCCAGCAGACAGGACAGGGGCACAGATACGCAGTATTTT,1
223,TGTGCCAGCAGACATCCTCAAAGGAATCAGCCCCAGCATTTT,1
224,TGTGCCAGCAGACCGACAGGGATGGGTGAAAAACTGTTTTTT,1
225,TGTGCCAGCAGACTAGCGGGGGACACCGGGGAGCTGTTTTTT,1
226,TGTGCCAGCAGACTAGGACAGATGAACACTGAAGCTTTCTTT,1
227,TGTGCCAGCAGACTGACAGGGACTGGCTACACCTTC,1
228,TGTGCCAGCAGAGACAGAAGCCACGAGCAGTACTTC,2
229,TGTGCCAGCAGAGACAGGGCGGAAAGCAATCAGCCCCAGCATTTT,1
230,TGTGCCAGCAGAGCAACGGACAGGGGGAGTCAGTCACCCCTCCACTTT,1
231,TGTGCCAGCAGAGCAGGGGGCTATTTTGGCTACACCTTC,1
232,TGTGCCAGCAGAGGACAGAATGAAAAACTGTTTTTT,1
233,TGTGCCAGCAGAGTACAGCTAATGAACACTGAAGCTTTCTTT,1
234,TGTGCCAGCAGAGTTCCCAAAGGGAGAAAACTGTTTTTT,1
235,TGTGCCAGCAGATCCCCTCGGTGGGCTGAAGCTTTCTTT,1
236,TGTGCCAGCAGATTGAACGACGGGCGTACTAACGAGCAGTACTTC,1
237,TGTGCCAGCAGCAACCAGGGGGGGGGCACCGGGGAGCTGTTTTTT,1
238,TGTGCCAGCAGCAAGAGCGCGATCGGGGAGCTGTTTTTT,1
239,TGTGCCAGCAGCAAGCGGACAGGGGGTAATTCACCCCTCCACTTT,1
240,TGTGCCAGCAGCACAACAGGAGTCAGTTCCTACGAGCAGTACTTC,1
241,TGTGCCAGCAGCACCAGACATTTACCTGGCGATGAGCAGTTCTTC,1
242,TGTGCCAGCAGCACCTTAAGCGAGCAGTTCTTC,1
243,TGTGCCAGCAGCACGACAGGGGGCGAAGCTTTCTTT,1
244,TGTGCCAGCAGCACGGGCAGAGGGGGCGAGCAGTACTTC,1
245,TGTGCCAGCAGCAGAGGGGGACTAGCCACCTACAATGAGCAGTTCTTC,1
246,TGTGCCAGCAGCAGGACTAGCGGGGGAACGAATACGCAGTATTTT,1
247,TGTGCCAGCAGCATACAGGGTACGTCAATGAACACTGAAGCTTTCTTT,1
248,TGTGCCAGCAGCATGTTCGGGACAGGGAATGAAAAACTGTTTTTT,1
249,TGTGCCAGCAGCCAAACAGGAGCCATGAACACTGAAGCTTTCTTT,1
250,TGTGCCAGCAGCCAAACGGGACAGGGGGCCTACGAGCAGTACTTC,1
251,TGTGCCAGCAGCCAAACTAGGGTGACTAATGAAAAACTGTTTTTT,1
252,TGTGCCAGCAGCCAAACTCCGTCGAACGAGCAGTACTTC,1
253,TGTGCCAGCAGCCAAAGGGCAGGGAGGGTGACAAATGAAAAACTGTTTTTT,1
254,TGTGCCAGCAGCCAAAGGTCGGACAATCAGCCCCAGCATTTT,1
255,TGTGCCAGCAGCCAAATCCCCCGGGACACCAACACTGAAGCTTTCTTT,1
256,TGTGCCAGCAGCCAACAAACGGGGACAGGGGGCTACGAGCAGTACTTC,1
257,TGTGCCAGCAGCCAACAGCGGGACAGGGCTTTAGGTAATGAGCAGTTCTTC,1
258,TGTGCCAGCAGCCAACAGGGAGTCGGGGAGCTGTTTTTT,1
259,TGTGCCAGCAGCCAACAGGGGACCAAAAACATTCAGTACTTC,1
260,TGTGCCAGCAGCCAACATAAGGCGGGGGGCGCGGGCAATCAGCCCCAGCATTTT,1
261,TGTGCCAGCAGCCAACCACAGGGGGCCTATAATTCACCCCTCCACTTT,1
262,TGTGCCAGCAGCCAACCGGACGGGCTTAACTATGGCTACACCTTC,1
263,TGTGCCAGCAGCCAACTGGGACATGTCAATGAAAAACTGTTTTTT,1
264,TGTGCCAGCAGCCAAGAAAGGGCACCCTACAATGAGCAGTTCTTC,1
265,TGTGCCAGCAGCCAAGAACTAGCGGGGGGTTCAGATACGCAGTATTTT,2
266,TGTGCCAGCAGCCAAGAAGGGTCTAGCTCTGGAAACACCATATATTTT,1
267,TGTGCCAGCAGCCAAGACAGCTCCTACGAGCAGTACTTC,1
268,TGTGCCAGCAGCCAAGACCTAACCAGGGGTCGGATAGACACCTTC,1
269,TGTGCCAGCAGCCAAGACTGGGGGTATAATTCACCCCTCCACTTT,1
270,TGTGCCAGCAGCCAAGAGAACTTCAGCTCCTACAATGAGCAGTTCTTC,1
271,TGTGCCAGCAGCCAAGAGAATCATGGCTACACCTTC,1
272,TGTGCCAGCAGCCAAGAGATAATCGGGACGGGGAATGAAAAACTGTTTTTT,1
273,TGTGCCAGCAGCCAAGAGGGGACAGGGGGGGCCGGGGAGCTGTTTTTT,1
274,TGTGCCAGCAGCCAAGATACGGGATCGAACTATGGCTACACCTTC,1
275,TGTGCCAGCAGCCAAGATCCGGGGGAGAACACTGAAGCTTTCTTT,1
276,TGTGCCAGCAGCCAAGATCGGGGGACAGGGACGGCGGGAAAAGCTTTCTTT,1
277,TGTGCCAGCAGCCAAGATCGTGGGGCGGACGAGCAGTTCTTC,3
278,TGTGCCAGCAGCCAAGATGGGACCTCTTCCCACTACTATGGCTACACCTTC,1
279,TGTGCCAGCAGCCAAGATGTCGCAGGGAGGGCTTTCTTT,1
280,TGTGCCAGCAGCCAAGATGTGACCGTCTCCTACGAGCAGTACTTC,1
281,TGTGCCAGCAGCCAAGATTCGGGGGGGCAGCCCCAGCATTTT,1
282,TGTGCCAGCAGCCAAGATTGGGGACTAGCGAAAGAGACCCAGTACTTC,1
283,TGTGCCAGCAGCCAAGATTTGGGCAGGGCGGCGAACACTGAAGCTTTCTTT,1
284,TGTGCCAGCAGCCAAGATTTTCCGGGACAGCCCTCTGGAAACACCATATATTTT,1
285,TGTGCCAGCAGCCAAGCCCCCGTTCTAACTGGAAACACCATATATTTT,1
286,TGTGCCAGCAGCCAAGCCGCTTCGAGCGGGGGGGCCGGAGAGACCCAGTACTTC,1
287,TGTGCCAGCAGCCAAGCGGCAGGTGGGGAAGCTTTCTTT,1
288,TGTGCCAGCAGCCAAGGAAGCGGGGGGGACTACGAGCAGTACTTC,1
289,TGTGCCAGCAGCCAAGGCCCCCGGGACTCCAGGCCCCCAGTCTTC,1
290,TGTGCCAGCAGCCAAGGCGCCTACGAGCAGTACTTC,1
291,TGTGCCAGCAGCCAAGGGGACAGCGATACGAGGCAGTACTTC,1
292,TGTGCCAGCAGCCAAGGGGCCTCTAACTATGGCTACACCTTC,1
293,TGTGCCAGCAGCCAAGGGGCGACCGTGAACACTGAAGCTTTCTTT,1
294,TGTGCCAGCAGCCAAGGGGTTAGTGGAAACACCATATATTTT,1
295,TGTGCCAGCAGCCAAGGTAATCGGGGAACAGGATCACCCCTCCACTTT,1
296,TGTGCCAGCAGCCAAGGTAGTCTGAACACTGAAGCTTTCTTT,1
297,TGTGCCAGCAGCCAAGTGACCCTCGATCGTGGCACCGGGGAGCTGTTTTTT,1
298,TGTGCCAGCAGCCAAGTGGTGGCCTCGGACGGCTACACCTTC,1
299,TGTGCCAGCAGCCAAGTGTCGCTAGCGGGCGGTGAGCAGTTCTTC,1
300,TGTGCCAGCAGCCAAGTTGAGGGGAATTCACCCCTCCACTTT,1
301,TGTGCCAGCAGCCAAGTTTCCGGCGAACAGCCCCAGCATTTT,1
302,TGTGCCAGCAGCCAAGTTTCGGGTCTCGGGCGGGGTGAAGCTTTCTTT,1
303,TGTGCCAGCAGCCAAGTTTTGCGAGCTGGCGGGGAGCTGTTTTTT,1
304,TGTGCCAGCAGCCAATGGGGACGAGGACCCGAAGCTTTCTTT,1
305,TGTGCCAGCAGCCAATTGGGAACGGGTATCAATCAGCCCCAGCATTTT,1
306,TGTGCCAGCAGCCACCGAATCGTCGGGTTATTTAGCGACGAGCAGTACTTC,1
307,TGTGCCAGCAGCCACCTAGCGGCCAATGAGCAGTTCTTC,1
308,TGTGCCAGCAGCCAGACAGGGGTCCCGGGCGTTGGCGAAAAACTGTTTTTT,1
309,TGTGCCAGCAGCCAGACTCCGCCAGTAACTAATGAAAAACTGTTTTTT,1
310,TGTGCCAGCAGCCAGCGGTCCGGGGGGGCCGGGGAGCTGTTTTTT,1
311,TGTGCCAGCAGCCAGGACAGGGGGCTTGCTTTCTTT,1
312,TGTGCCAGCAGCCAGGCTTCGCTGGGGCGGTTGAACACTGAAGCTTTCTTT,1
313,TGTGCCAGCAGCCAGGGAAGGAATCAGCCCCAGCATTTT,1
314,TGTGCCAGCAGCCAGGGACTGGGAAATCAGCCCCAGCATTTT,1
315,TGTGCCAGCAGCCAGGGTGAAAAACTGTTTTTT,1
316,TGTGCCAGCAGCCAGTCAGAGGTGTATGGCTACACCTTC,1
317,TGTGCCAGCAGCCATTCCCAAGAGACCCAGTACTTC,1
318,TGTGCCAGCAGCCATTCCGGGACAGGGAATACTGAAGCTTTCTTT,1
319,TGTGCCAGCAGCCCAAAGAACAGAGGTGTGGAGACCCAGTACTTC,1
320,TGTGCCAGCAGCCCAACTCAGGGGCCTGGAAACACCATATATTTT,1
321,TGTGCCAGCAGCCCACAGCGGGGAGGTAGCGGGAAGCAGTACTTC,1
322,TGTGCCAGCAGCCCAGAGTGGCAGTCCTCGGGTACAGATACGCAGTATTTT,1
323,TGTGCCAGCAGCCCAGGGCTTTCCAGCGGGGGGAAGACCTACGAGCAGTACTTC,1
324,TGTGCCAGCAGCCCAGGGGGGGGAATGAACACTGAAGCTTTCTTT,1
325,TGTGCCAGCAGCCCAGGTTTGGGATCCTACGAGCAGTACTTC,1
326,TGTGCCAGCAGCCCATATTCAGGCACAGATACGCAGTATTTT,1
327,TGTGCCAGCAGCCCATCAACGGGAGAGCGGGCTTTCTTT,1
328,TGTGCCAGCAGCCCATCTTCTGGCTACACCTTC,1
329,TGTGCCAGCAGCCCCATAGCGGGAAACTACGAGCAGTACTTC,1
330,TGTGCCAGCAGCCCCATTGGGACCGGGGAGCTGTTTTTT,1
331,TGTGCCAGCAGCCCCCGGGGCCGACCTACCCAATACGAGCAGTACTTC,1
332,TGTGCCAGCAGCCCCCTAGGGACTGGGGCCAACGTCCTGACTTTC,1
333,TGTGCCAGCAGCCCCCTATGGGGCGCGGGTGGCTACACCTTC,1
334,TGTGCCAGCAGCCCCCTGGACGGGTTGAACACTGAAGCTTTCTTT,1
335,TGTGCCAGCAGCCCCGATCTACCCCAGGGGGGGACTGAAGCTTTCTTT,1
336,TGTGCCAGCAGCCCCGGGACACATAGCAATCAGCCCCAGCATTTT,1
337,TGTGCCAGCAGCCCCGGGACAGGGGTGGGCACTGAAGCTTTCTTT,1
338,TGTGCCAGCAGCCCCGGGACAGTGAACACTGAAGCTTTCTTT,1
339,TGTGCCAGCAGCCCCGGGACGGCGAACACTGAAGCTTTCTTT,1
340,TGTGCCAGCAGCCCGACAGGCCTCCCAACCTACGAGCAGTACTTC,1
341,TGTGCCAGCAGCCCGACAGGGAATCTCGGGGAGCTGTTTTTT,1
342,TGTGCCAGCAGCCCGAGACTTGGTGAAGCTTTCTTT,1
343,TGTGCCAGCAGCCCGAGAGTGACAGGGGTGGGTTCACCCCTCCACTTT,1
344,TGTGCCAGCAGCCCGAGATTCGGGCTTGAAGGAAACACCATATATTTT,1
345,TGTGCCAGCAGCCCGGGACAGGCAAACACCGGGGAGCTGTTTTTT,1
346,TGTGCCAGCAGCCCGGGGACAGTGAATAATGAAAAACTGTTTTTT,1
347,TGTGCCAGCAGCCCGTGGACAGCACTCAACACTGAAGCTTTCTTT,1
348,TGTGCCAGCAGCCCGTGTTTACAGGGGCCCGATACGCAGTATTTT,1
349,TGTGCCAGCAGCCCTAACAGGGGAATACGAAACACTGAAGCTTTCTTT,1
350,TGTGCCAGCAGCCCTACGGGACAGCAGCCCCAGCATTTT,1
351,TGTGCCAGCAGCCCTATGACTAGCGGTGCCTCATCTGGGGCCAACGTCCTGACTTTC,1
352,TGTGCCAGCAGCCCTATTGGACATCGTAGCACAGATACGCAGTATTTT,1
353,TGTGCCAGCAGCCCTCGTTGGGGTGAAGCTTTCTTT,1
354,TGTGCCAGCAGCCCTCTAACCACGGGCGAGCAGTACTTC,1
355,TGTGCCAGCAGCCCTCTAGCGGGGGGGCCGGCAGATACGCAGTATTTT,1
356,TGTGCCAGCAGCCCTTCTGCGGGACACACCTACAATGAGCAGTTCTTC,1
357,TGTGCCAGCAGCCGACAGATCAGTGTCGTCACTGAAGCTTTCTTT,1
358,TGTGCCAGCAGCCGACCGGGGGCAGATACGCAGTATTTT,1
359,TGTGCCAGCAGCCGAGAAGGTCTTAGGCGTAATGAAAAACTGTTTTTT,2
360,TGTGCCAGCAGCCGAGCCAGGGCTGAAGCTTTCTTT,1
361,TGTGCCAGCAGCCGCCACACCGCCTGGGTCGACTATGGCTACACCTTC,1
362,TGTGCCAGCAGCCGCGGGCAGGGTGGACAGCCCCAGCATTTT,1
363,TGTGCCAGCAGCCGGGGGACTTCGATATGGATGAACACTGAAGCTTTCTTT,1
364,TGTGCCAGCAGCCGTCCGGGACAAAGTAATGAAAAACTGTTTTTT,1
365,TGTGCCAGCAGCCGTGAAGGGCAGGGTCAAGGAGAGCAGTACTTC,1
366,TGTGCCAGCAGCCTAATGCAGGGGAACACTGAAGCTTTCTTT,2
367,TGTGCCAGCAGCCTCCTCAAGGGGGGCTATGGCTACACCTTC,1
368,TGTGCCAGCAGCCTCTTCGGGGTGAAGAACACTGAAGCTTTCTTT,1
369,TGTGCCAGCAGCCTGGGGGGGAGCACTGAAGCTTTCTTT,1
370,TGTGCCAGCAGCCTTCAGGGAATCGCGAACACCGGGGAGCTGTTTTTT,1
371,TGTGCCAGCAGCCTTGGGATATTTAACTACAATGAGCAGTTCTTC,1
372,TGTGCCAGCAGCCTTTCGGGGACCTACGAGCAGTACTTC,1
373,TGTGCCAGCAGCGAAGAACTGAATGAAAAACTGTTTTTT,1
374,TGTGCCAGCAGCGACCCGACAGGGGGATCCTACGAGCAGTACTTC,1
375,TGTGCCAGCAGCGACGATTCACCCCTCCACTTT,1
376,TGTGCCAGCAGCGACGGCCTCATTGAAAAACTGTTTTTT,1
377,TGTGCCAGCAGCGAGAGAGTGGCTAGCGGGGGGACTTACAATGAGCAGTTCTTC,1
378,TGTGCCAGCAGCGAGGGTGGGGACGAGCAGTACTTC,1
379,TGTGCCAGCAGCGCAACCGGGACCCTTGAAGGGGAGCAGTACTTC,1
380,TGTGCCAGCAGCGCAGGGGACCCCGGCACTGAAGCTTTCTTT,1
381,TGTGCCAGCAGCGCCGACATCACTAACTATGGCTACACCTTC,1
382,TGTGCCAGCAGCGCCGGGACAGGGGAATTGGGCGGCTACACCTTC,1
383,TGTGCCAGCAGCGCCGGGACGGCAACCTACGAGCAGTACTTC,1
384,TGTGCCAGCAGCGCGGGGAACTATGGCTACACCTTC,1
385,TGTGCCAGCAGCGCGGTTCGAGATTCACCCCTCCACTTT,1
386,TGTGCCAGCAGCGCTTCCACGGCCCTAGGCTATGGCTACACCTTC,1
387,TGTGCCAGCAGCGGACAGGGCCATCAGCCCCAGCATTTT,1
388,TGTGCCAGCAGCGGAGGGACTCTCGGGATGGAAAAACTGTTTTTT,2
389,TGTGCCAGCAGCGGCAGCAGCGATCAGCCCCAGCATTTT,1
390,TGTGCCAGCAGCGGGGACAGGGGGTCACAGCCCCAGCATTTT,1
391,TGTGCCAGCAGCGGGGACAGTTCTCTGAACACTGAAGCTTTCTTT,1
392,TGTGCCAGCAGCGGTCGACCCCAAGAGACCCAGTACTTC,1
393,TGTGCCAGCAGCGTAGAACAGGGCGGAGGTGGCTACACCTTC,1
394,TGTGCCAGCAGCGTAGAGGCGACTAGCGGGTCCTACGAGCAGTACTTC,1
395,TGTGCCAGCAGCGTAGCCTCTGTCGGGGGTGAAGCTTTCTTT,1
396,TGTGCCAGCAGCGTAGCCTTCCGGGGGGCGGATACGCAGTATTTT,1
397,TGTGCCAGCAGCGTAGCTACCGGGACAGGGACTAACACTGAAGCTTTCTTT,1
398,TGTGCCAGCAGCGTAGCTCCCCTATTCGACGGAAAACTGTTTTTT,1
399,TGTGCCAGCAGCGTAGCTTCCCCTACCATCTATGGCTACACCTTC,1
400,TGTGCCAGCAGCGTAGGCCAGGGTACCTACACTGAAGCTTTCTTT,1
401,TGTGCCAGCAGCGTAGGGGGGGCGGATGAAAAACTGTTTTTT,1
402,TGTGCCAGCAGCGTAGTATCCGGGGGGAAGACTGAAGCTTTCTTT,1
403,TGTGCCAGCAGCGTATCCCTGACAGATACGCAGTATTTT,1
404,TGTGCCAGCAGCGTATCTGGTACAGGGCGTAATTCACCCCTCCACTTT,1
405,TGTGCCAGCAGCGTATGGGGGCGCGACGGGGAGCTGTTTTTT,1
406,TGTGCCAGCAGCGTCGGGCAGGCGGGGGTTTCACCCCTCCACTTT,1
407,TGTGCCAGCAGCGTTTTAACAGGCACTAATGAAAAACTGTTTTTT,1
408,TGTGCCAGCAGCTACCACCGGGACAGGGACGAGCAGTACTTC,1
409,TGTGCCAGCAGCTACCCTATTGGGGATGAAGCTTTCTTT,1
410,TGTGCCAGCAGCTACGGGACAGGGAGCAATCAGCCCCAGCATTTT,1
411,TGTGCCAGCAGCTCAACCCTAGCGGGGAACTACGAGCAGTACTTC,1
412,TGTGCCAGCAGCTCAATCCGCCTATGCCAGTACTTC,1
413,TGTGCCAGCAGCTCACAGTCCCCGGGGACCGGGGAGCTGTTTTTT,1
414,TGTGCCAGCAGCTCAGAAAGGGGGCAATATGGCTACACCTTC,1
415,TGTGCCAGCAGCTCCAGGGGGCCGAACACTGAAGCTTTCTTT,1
416,TGTGCCAGCAGCTCCCCGCCGAGTGAGCAGTACTTC,1
417,TGTGCCAGCAGCTCCCGGTGGGGGGGGTCGGGCAATCAGCCCCAGCATTTT,1
418,TGTGCCAGCAGCTCCCTAGCGGGGGGGTTCCCCGGGGAGCTGTTTTTT,1
419,TGTGCCAGCAGCTCCCTGGACAGGGACACTGAAGCTTTCTTT,2
420,TGTGCCAGCAGCTCCGGGACAGTCACTGAAGCTTTCTTT,1
421,TGTGCCAGCAGCTCCGGGACTCCATCCTACAATGAGCAGTTCTTC,1
422,TGTGCCAGCAGCTCGGGACTAGAGGGCGAGCAGTACTTC,1
423,TGTGCCAGCAGCTCTATCGCTTCCAACTATGGCTACACCTTC,1
424,TGTGCCAGCAGCTCTCCGGGACTATACTACGAGCAGTACTTC,1
425,TGTGCCAGCAGCTCTCGTCAGAGAGGGACTGAAGCTTTCTTT,1
426,TGTGCCAGCAGCTGCCCCTCCTACAATGAGCAGTTCTTC,1
427,TGTGCCAGCAGCTGGGGAGAGAACACTGAAGCTTTCTTT,1
428,TGTGCCAGCAGCTTAAACCTGACGGGTAGCAATCAGCCCCAGCATTTT,1
429,TGTGCCAGCAGCTTAACAGGGAAAACTGAAGCTTTCTTT,1
430,TGTGCCAGCAGCTTAACAGGTTCGGGGAACACTGAAGCTTTCTTT,1
431,TGTGCCAGCAGCTTAACTCCCAACAGGGACTCCTACGAGCAGTACTTC,1
432,TGTGCCAGCAGCTTAATGGAAGCGGCTTCACCCCTCCACTTT,1
433,TGTGCCAGCAGCTTACATATGACTAGCGGGGGATCCTACAATGAGCAGTTCTTC,1
434,TGTGCCAGCAGCTTACGGCGGAGCTCCTACAATGAGCAGTTCTTC,1
435,TGTGCCAGCAGCTTAGAAACAGGGGTGAGGAATAATTCACCCCTCCACTTT,1
436,TGTGCCAGCAGCTTAGAAGCGGGGATGGCGGATACGCAGTATTTT,1
437,TGTGCCAGCAGCTTAGACGAGGGTCAGCCCCAGCATTTT,1
438,TGTGCCAGCAGCTTAGAGAGCTTACATTCACCCCTCCACTTT,2
439,TGTGCCAGCAGCTTAGAGGACATCTACTATGGCTACACCTTC,1
440,TGTGCCAGCAGCTTAGAGGGGGGGGCTCCCTACGAGCAGTACTTC,1
441,TGTGCCAGCAGCTTAGATCAGGCCCAGCCCCAGCATTTT,1
442,TGTGCCAGCAGCTTAGATTGGGACAGGAACGAGCAGTTCTTC,1
443,TGTGCCAGCAGCTTAGATTTGGTCGGGATCCAGAATTCACCCCTCCACTTT,1
444,TGTGCCAGCAGCTTAGCCGCAGTACGGAGGGACTATGGCTACACCTTC,1
445,TGTGCCAGCAGCTTAGCGCCAGGGGGGTCTGAAGCTTTCTTT,1
446,TGTGCCAGCAGCTTAGCGCCTAGAGATACGCAGTATTTT,1
447,TGTGCCAGCAGCTTAGCGGGGGCGAGCACAGATACGCAGTATTTT,1
448,TGTGCCAGCAGCTTAGCTCCAGGTCAAAGCAATCAGCCCCAGCATTTT,1
449,TGTGCCAGCAGCTTAGCTGGTAGTATGAACACTGAAGCTTTCTTT,1
450,TGTGCCAGCAGCTTAGGACAGGGGGCCGTAAGTGGAAACACCATATATTTT,1
451,TGTGCCAGCAGCTTAGGCAGGGCGAACACTGAAGCTTTCTTT,1
452,TGTGCCAGCAGCTTAGGCCCGGTGGGGAACACTGAAGCTTTCTTT,1
453,TGTGCCAGCAGCTTAGGGAGGCAAGTTGGAGCTGAAGAGACCCAGTACTTC,1
454,TGTGCCAGCAGCTTAGGGAGGGACAGATATTCACCCCTCCACTTT,1
455,TGTGCCAGCAGCTTAGGGCAGCCGAGCACAGATACGCAGTATTTT,1
456,TGTGCCAGCAGCTTAGGGCCCACTGAAGCTTTCTTT,1
457,TGTGCCAGCAGCTTAGGGCCGAGCGGGGACGCCACAGATACGCAGTATTTT,1
458,TGTGCCAGCAGCTTAGGGGACAGGAATTCACCCCTCCACTTT,1
459,TGTGCCAGCAGCTTAGGGGGACAGACCTACGAGCAGTACTTC,1
460,TGTGCCAGCAGCTTAGGGTCAGGGGGGGGATCACCCCTCCACTTT,1
461,TGTGCCAGCAGCTTAGGTGACAGGTTGATTAGTGAAAAACTGTTTTTT,1
462,TGTGCCAGCAGCTTAGTATCCCTCGGGGTTTCACCCCTCCACTTT,1
463,TGTGCCAGCAGCTTAGTCAGCCTACAAGACAATGAGCAGTTCTTC,1
464,TGTGCCAGCAGCTTAGTGAATTATGGCTACACCTTC,1
465,TGTGCCAGCAGCTTAGTGGGGAGCGGTGAAGCTTTCTTT,1
466,TGTGCCAGCAGCTTATATTCGGCGGGAGGCTACACCTTC,1
467,TGTGCCAGCAGCTTATTAGCACAGGATTCTGGAAACACCATATATTTT,1
468,TGTGCCAGCAGCTTCATCGACTTGAACACTGAAGCTTTCTTT,1
469,TGTGCCAGCAGCTTCCGGCAGGTCGGGCAGCCCCAGCATTTT,1
470,TGTGCCAGCAGCTTCGGACAGCTTTATAGCAATCAGCCCCAGCATTTT,1
471,TGTGCCAGCAGCTTCGGGTATCCTAGTAGCAATCAGCCCCAGCATTTT,1
472,TGTGCCAGCAGCTTGAAGGGTACCGAAAAACTGTTTTTT,1
473,TGTGCCAGCAGCTTGACAGGGAACCCCTACGAGCAGTACTTC,1
474,TGTGCCAGCAGCTTGACCGGGACGGGGAGTGAAAAACTGTTTTTT,1
475,TGTGCCAGCAGCTTGCCCAGGGGAAATCAGCCCCAGCATTTT,1
476,TGTGCCAGCAGCTTGCGAGGAGTGACAGGGGCTTCACCCCTCCACTTT,1
477,TGTGCCAGCAGCTTGGACCAGGCCAATGAAAAACTGTTTTTT,1
478,TGTGCCAGCAGCTTGGAGGGGAACACTGAAGCTTTCTTT,1
479,TGTGCCAGCAGCTTGGAGGGGGGCAGGGGGGATGAAAAACTGTTTTTT,1
480,TGTGCCAGCAGCTTGGCCGAGGGCTCACCCCTCCACTTT,1
481,TGTGCCAGCAGCTTGGCCGCGGGCAGCGTAAACACTGAAGCTTTCTTT,1
482,TGTGCCAGCAGCTTGGCGTACACTAGCGGGGGGGACTACGAGCAGTACTTC,1
483,TGTGCCAGCAGCTTGGGACAGCTAACGGCCCAGTACTTC,1
484,TGTGCCAGCAGCTTGGGACAGGGGAATACTGAAGCTTTCTTT,1
485,TGTGCCAGCAGCTTGGGACCCGGGGGGACTGAGCAGTACTTC,1
486,TGTGCCAGCAGCTTGGGAGGATTAAGCTCCTACGAGCAGTACTTC,1
487,TGTGCCAGCAGCTTGGGAGGCGGGGACGAGCAGTACTTC,1
488,TGTGCCAGCAGCTTGGGCGGTGAGAACACTGAAGCTTTCTTT,1
489,TGTGCCAGCAGCTTGGTTGGGGGCATGGACACTGAAGCTTTCTTT,1
490,TGTGCCAGCAGCTTGTCCCGAGACACTGAAGCTTTCTTT,1
491,TGTGCCAGCAGCTTGTCGGGGGGGCGGTACAATGAGCAGTTCTTC,1
492,TGTGCCAGCAGCTTGTTGAATCAGCCCCAGCATTTT,1
493,TGTGCCAGCAGCTTTAGTATGAACACTGAAGCTTTCTTT,1
494,TGTGCCAGCAGCTTTCAGAGCAGAGGGAACACTGAAGCTTTCTTT,1
495,TGTGCCAGCAGCTTTCAGGGGGATGGAAACACCATATATTTT,1
496,TGTGCCAGCAGCTTTCTACCGTCGAACACTGAAGCTTTCTTT,1
497,TGTGCCAGCAGCTTTGGACAGCCTAATCAGCCCCAGCATTTT,1
498,TGTGCCAGCAGGAACGGACAGTCCACCGGGGAGCTGTTTTTT,1
499,TGTGCCAGCAGGACAGGGGAGGCCTATGGCTACACCTTC,1
500,TGTGCCAGCAGGACCGGGCCTGGCGGTGAGGGCTACACCTTC,1
501,TGTGCCAGCAGGAGAAAGCAGGGGGGCAACACCGGGGAGCTGTTTTTT,1
502,TGTGCCAGCAGGAGAATGACTAGCTCCACAGATACGCAGTATTTT,1
503,TGTGCCAGCAGGAGACAGGAGACCGGGGAGCTGTTTTTT,1
504,TGTGCCAGCAGGAGACAGGGGGACTTTGGAAACACCATATATTTT,1
505,TGTGCCAGCAGGCAACCGGGCGGGCTCACTGAAGCTTTCTTT,1
506,TGTGCCAGCAGGCGACGTGGAGAAGCTAATGGGGAGACCCAGTACTTC,1
507,TGTGCCAGCAGGCGGACAGGGAGGACTGAAGCTTTCTTT,1
508,TGTGCCAGCAGGCGGGACAGGCGGACTAGCGGGGCTCAGATCTACTACGAGCAGTACTTC,1
509,TGTGCCAGCAGGCTTTCCCCGGACAGCTATGGCTACACCTTC,1
510,TGTGCCAGCAGGGAACGGGCCATAAGGGAGACCCAGTACTTC,1
511,TGTGCCAGCAGGGACCTGGCGGAGACCCAGTACTTC,1
512,TGTGCCAGCAGGGAGGGACTAGCGGGAGCCGGGGAGCTGTTTTTT,1
513,TGTGCCAGCAGGGATATAGAGGGAGCTTTCTTT,1
514,TGTGCCAGCAGGGGGACGGGTGGCGAGACCCAGTACTTC,1
515,TGTGCCAGCAGGGGGGCCACTAGCACAGATACGCAGTATTTT,1
516,TGTGCCAGCAGGGGTCGTAGCAATCAGCCCCAGCATTTT,1
517,TGTGCCAGCAGGGTACAGGGGGCCGGGGAGCTGTTTTTT,1
518,TGTGCCAGCAGGTGGGCTCCGACAGGGTATGAAGCTTTCTTT,1
519,TGTGCCAGCAGTAAACAGGGTATGAACACTGAAGCTTTCTTT,1
520,TGTGCCAGCAGTAAGGGGACAGGGCGAGGCTACACCTTC,1
521,TGTGCCAGCAGTACACGACAGGGGACCGGGGAGCTGTTTTTT,1
522,TGTGCCAGCAGTACAGCGGGCAGAAACAATGAGCAGTTCTTC,1
523,TGTGCCAGCAGTACATCAGGTGACTATGGCTACACCTTC,1
524,TGTGCCAGCAGTACCATAGGACAGGGGGGGAACATTCAGTACTTC,1
525,TGTGCCAGCAGTACGTACGCGGGGGGTGAAGCTTTCTTT,1
526,TGTGCCAGCAGTAGCGGGGGGGCCACAGATACGCAGTATTTT,2
527,TGTGCCAGCAGTAGGGGACAGGGGGCTTTCTTT,1
528,TGTGCCAGCAGTAGGGGACTCTTCGACGAGCAGTACTTC,1
529,TGTGCCAGCAGTATAAGGAGACGAGGAGCTGGCACCGGGGAGCTGTTTTTT,1
530,TGTGCCAGCAGTATCCGTGGCGGGGGATCGGATACGCAGTATTTT,1
531,TGTGCCAGCAGTATCGGACAGGGCGAAACAGATACGCAGTATTTT,1
532,TGTGCCAGCAGTCAAGCGGGGGGACAAGAGACCCAGTACTTC,1
533,TGTGCCAGCAGTCCAATTGGCAGCACTGAAGCTTTCTTT,1
534,TGTGCCAGCAGTCCAGTGACCTCTGGAAACACCATATATTTT,1
535,TGTGCCAGCAGTCCCACACACGGGGGATCAGAGGGCTACACCTTC,1
536,TGTGCCAGCAGTCCCACCTCGCCAGAAAGCAGTAAAGAGACCCAGTACTTC,1
537,TGTGCCAGCAGTCCCAGGGGGCCCAATAGCAATCAGCCCCAGCATTTT,1
538,TGTGCCAGCAGTCCCCAGACAGGGCTGAGCGAGCAGTTCTTC,1
539,TGTGCCAGCAGTCCCCCAGCTAACTATGGCTACACCTTC,1
540,TGTGCCAGCAGTCCCCGGACAGGGGGCCTTCAGCCCCAGCATTTT,1
541,TGTGCCAGCAGTCCCCGGGGTCCCGAGCAGTACTTC,1
542,TGTGCCAGCAGTCCCCTGGGCAGGGTCACTGAAGCTTTCTTT,1
543,TGTGCCAGCAGTCCCCTTTGGGCTAATGAAAAACTGTTTTTT,1
544,TGTGCCAGCAGTCCCGGGCCTGCCCGGTTGCCCCAGCATTTT,1
545,TGTGCCAGCAGTCCCGGGGGGGCGGGCGCTTTCTTT,1
546,TGTGCCAGCAGTCCCGGGTCTGAAGCTTTCTTT,1
547,TGTGCCAGCAGTCCCTCGATCGGAGGGCAGTACTTC,1
548,TGTGCCAGCAGTCCCTCTAGCGGGGGACCCTACGAGCAGTACTTC,1
549,TGTGCCAGCAGTCCCTTGACAGGCGTAAATTCACCCCTCCACTTT,1
550,TGTGCCAGCAGTCCGACCGCGTTGGGGAGTTCACCCCTCCACTTT,1
551,TGTGCCAGCAGTCCGACGACAGGGCAGCCCCAGCATTTT,1
552,TGTGCCAGCAGTCCGAGCCGGACTAGCGGGGGCCAAGAGACCCAGTACTTC,1
553,TGTGCCAGCAGTCCGGGACAGCCTTCCTACGAGCAGTACTTC,1
554,TGTGCCAGCAGTCCGGGACCGGTCCAAGAGACCCAGTACTTC,1
555,TGTGCCAGCAGTCCGGGGGAGGGGGCTGACGAAGATACGCAGTATTTT,1
556,TGTGCCAGCAGTCCTACAGGGCGGAGCACTGAAGCTTTCTTT,1
557,TGTGCCAGCAGTCCTACCACGAGTGGGACTGAAGCTTTCTTT,1
558,TGTGCCAGCAGTCGACAGGGCGGCAACGAGCAGTACTTC,1
559,TGTGCCAGCAGTCGACTAACAGGGACGGATTCACCCCTCCACTTT,1
560,TGTGCCAGCAGTCGCCAGTCAGATACGCAGTATTTT,1
561,TGTGCCAGCAGTCTCCTCCGTAGTGTGGCGCGCCGGGGGGCCAACGTCCTGACTTTC,1
562,TGTGCCAGCAGTCTGGGGACCGAGACCCAGTACTTC,1
563,TGTGCCAGCAGTCTTTCTAGGAACTATGGCTACACCTTC,1
564,TGTGCCAGCAGTGAAAACAGGGGGCTTGCGAGCAATCAGCCCCAGCATTTT,1
565,TGTGCCAGCAGTGAAACACAGACTGAAGCTTTCTTT,1
566,TGTGCCAGCAGTGAAAGAACAGGGACAACACCCCTCCACTTT,1
567,TGTGCCAGCAGTGAAAGGGGGAGCCGCGGGGGTACGCAGTATTTT,1
568,TGTGCCAGCAGTGAAAGGTTGGCTCAGCCCCAGCATTTT,1
569,TGTGCCAGCAGTGAACAGGGGGCGAACACTGAAGCTTTCTTT,1
570,TGTGCCAGCAGTGAACCCGGACGGGGATGGGACACCGGGGAGCTGTTTTTT,1
571,TGTGCCAGCAGTGAACGCCGACAGGTTAGCAATCAGCCCCAGCATTTT,1
572,TGTGCCAGCAGTGAACTAGCGGGGGGGAACAATGAGCAGTTCTTC,1
573,TGTGCCAGCAGTGAACTCGGACCTTACGAGCAGTACTTC,1
574,TGTGCCAGCAGTGAACTGGAGAACACTGAAGCTTTCTTT,1
575,TGTGCCAGCAGTGAAGAGGCAGGGGGCTCCTACGAGCAGTACTTC,1
576,TGTGCCAGCAGTGAAGAGGGAACCGGGGAGCTGTTTTTT,1
577,TGTGCCAGCAGTGAAGAGGGGGATAGCAATCAGCCCCAGCATTTT,1
578,TGTGCCAGCAGTGAAGCAGAGGTTTGGGCGGGGGCCATTGGAGAAAAACTGTTTTTT,1
579,TGTGCCAGCAGTGAAGCGGCTAGCAATGAGCAGTTCTTC,1
580,TGTGCCAGCAGTGAAGCGGGGGACACCGGGGAGCTGTTTTTT,1
581,TGTGCCAGCAGTGAAGCGGGGGGCACAGATACGCAGTATTTT,3
582,TGTGCCAGCAGTGAAGGCAGGATTAATTCACCCCTCCACTTT,1
583,TGTGCCAGCAGTGAAGGCTCACGGGGGAATAATCAGCCCCAGCATTTT,1
584,TGTGCCAGCAGTGAAGGGACAGGGGGCTCCTACGAGCAGTACTTC,1
585,TGTGCCAGCAGTGAAGGGGGAAGGGCGCAGTATTTT,1
586,TGTGCCAGCAGTGAAGTCGACGACGGCTACGAGCAGTACTTC,1
587,TGTGCCAGCAGTGAATATCACGGGAACACTGAAGCTTTCTTT,1
588,TGTGCCAGCAGTGAATATTATAGGGACATCTCCTACGAGCAGTACTTC,1
589,TGTGCCAGCAGTGAATTCGGGGGCCGGGGGGATCAGCCCCAGCATTTT,1
590,TGTGCCAGCAGTGACACAGGGCTTGGGGCCAACGTCCTGACTTTC,1
591,TGTGCCAGCAGTGACAGCGGGGGCACAGATACGCAGTATTTT,1
592,TGTGCCAGCAGTGACAGGGATAACACCGGGGAGCTGTTTTTT,1
593,TGTGCCAGCAGTGACAGGGGGCACAATGAGCAGTTCTTC,1
594,TGTGCCAGCAGTGACCAGGGGACAGGGGGACGGGGGTTTGGCTACACCTTC,1
595,TGTGCCAGCAGTGACCGGGACAACACTGAAGCTTTCTTT,1
596,TGTGCCAGCAGTGACCTAGCGGGGGCAGATACGCAGTATTTT,1
597,TGTGCCAGCAGTGACCTCCCGGACAGGATTTTCAGGTACGAGCAGTACTTC,1
598,TGTGCCAGCAGTGACGGGACAGGCACAGATACGCAGTATTTT,1
599,TGTGCCAGCAGTGACGGGGGGGACACAGATACGCAGTATTTT,1
600,TGTGCCAGCAGTGACGGGGGGGCCACAGATACGCAGTATTTT,2
601,TGTGCCAGCAGTGACTCACAGAACACTGAAGCTTTCTTT,3
602,TGTGCCAGCAGTGACTCACAGGGGGCTTCACCCCTCCACTTT,1
603,TGTGCCAGCAGTGACTCAGCGGGGGGGCAAGAGACCCAGTACTTC,3
604,TGTGCCAGCAGTGACTCGAACACCGGGGAGCTGTTTTTT,1
605,TGTGCCAGCAGTGACTCGACTAGCGGGGGGGCCGGGGAGCTGTTTTTT,1
606,TGTGCCAGCAGTGACTCGGCTAGCGGGGGATACAATGAGCAGTTCTTC,1
607,TGTGCCAGCAGTGACTCGGGGACAGATACGCAGTATTTT,1
608,TGTGCCAGCAGTGACTCGGTCAACGTTGGGGGCTACACCTTC,2
609,TGTGCCAGCAGTGACTCTAGCGGGGGGGCCACAGATACGCAGTATTTT,1
610,TGTGCCAGCAGTGAGCAGGGGGGGAACTATGGCTACACCTTC,1
611,TGTGCCAGCAGTGAGGACAGCTCTGGGGCCAACGTCCTGACTTTC,1
612,TGTGCCAGCAGTGAGGACAGGGGGAGCACAGATACGCAGTATTTT,2
613,TGTGCCAGCAGTGAGGGAACAGGGGGCACTGAAGCTTTCTTT,2
614,TGTGCCAGCAGTGAGGGACAGGGGGCAACAGATACGCAGTATTTT,2
615,TGTGCCAGCAGTGAGGGGTCATCCTACGAGCAGTACTTC,1
616,TGTGCCAGCAGTGAGGGGTCTGGGGCCAACGTCCTGACTTTC,1
617,TGTGCCAGCAGTGAGTGGGGGCTCGGAAACATTCAGTACTTC,1
618,TGTGCCAGCAGTGATCGGCAGGGGCATTCACCCCTCCACTTT,1
619,TGTGCCAGCAGTGCAGAAGGCGATGAGCAGTTCTTC,1
620,TGTGCCAGCAGTGCCAGTTTAGTTACTGAAGCTTTCTTT,1
621,TGTGCCAGCAGTGCCCAATCCTACGAGCAGTACTTC,1
622,TGTGCCAGCAGTGCCCGCCGGGACAGGGCGGGGGAGCAGTACTTC,1
623,TGTGCCAGCAGTGCCGGGACAGCGCACACAGATACGCAGTATTTT,1
624,TGTGCCAGCAGTGCCGGTCCGGGGGGGCAGCAAGCTTTCTTT,1
625,TGTGCCAGCAGTGCGACAGGGCCCGAGGGATCACCCCTCCACTTT,1
626,TGTGCCAGCAGTGCGAGTGATAGCTCCTACAATGAGCAGTTCTTC,1
627,TGTGCCAGCAGTGCGGGGACAGGGTTGGTGAGTGAAAAACTGTTTTTT,1
628,TGTGCCAGCAGTGCTAGCGGGGGGGCAGATACGCAGTATTTT,1
629,TGTGCCAGCAGTGGAACAGGGGGCGCGTCTGGGGCCAACGTCCTGACTTTC,1
630,TGTGCCAGCAGTGGACAATTGAACACTGAAGCTTTCTTT,1
631,TGTGCCAGCAGTGGACAGGGGACCGGCTACACCTTC,1
632,TGTGCCAGCAGTGGAGGAGGAGGAACGCATTTCTTC,1
633,TGTGCCAGCAGTGGATCGGCAGGCCGCCCCTACGCTTTCTTT,1
634,TGTGCCAGCAGTGGCACAGGGGCGAACTATGGCTACACCTTC,1
635,TGTGCCAGCAGTGGGAATCGGATGAACACTGAAGCTTTCTTT,1
636,TGTGCCAGCAGTGGGACAGCCCTACGACAGTTCTTC,1
637,TGTGCCAGCAGTGGGACTAACACCGGGGAGCTGTTTTTT,1
638,TGTGCCAGCAGTGGGACTAGCGGGGGCACAGATACGCAGTATTTT,1
639,TGTGCCAGCAGTGGGCAGGCTTATAGCAATCAGCCCCAGCATTTT,1
640,TGTGCCAGCAGTGGGCGGGGGCCCGAAGAGACCCAGTACTTC,1
641,TGTGCCAGCAGTGGGCTGTCCGGGACAGGCTCCTACGAGCAGTACTTC,1
642,TGTGCCAGCAGTGGGGCGGACAGCTCTGGGGCCAACGTCCTGACTTTC,2
643,TGTGCCAGCAGTGGGGGCAAGAAGGGGCAGTACTTC,1
644,TGTGCCAGCAGTGGGTGGGGAGAGAACTACGAGCAGTACTTC,1
645,TGTGCCAGCAGTGTAGGGAACTATGGCTACACCTTC,1
646,TGTGCCAGCAGTGTCTCCTCGCCGCTTAATGAAAAACTGTTTTTT,1
647,TGTGCCAGCAGTGTTCTAGCGGGGGGCGATACGCAGTATTTT,1
648,TGTGCCAGCAGTTACAACCGGGTGAACTATGGCTACACCTTC,1
649,TGTGCCAGCAGTTACAACTCTGGGGCCAACGTCCTGACTTTC,1
650,TGTGCCAGCAGTTACAAGGCCAACATTCGGCCACCCGGGGAGCTGTTTTTT,1
651,TGTGCCAGCAGTTACACAAGGGACAGCACGATCCGGCTGGGCTACGAGCAGTACTTC,1
652,TGTGCCAGCAGTTACACAGGGAACACCATATATTTT,1
653,TGTGCCAGCAGTTACAGGAACACTGAAGCTTTCTTT,1
654,TGTGCCAGCAGTTACAGGGAATGGGAAAAACTGTTTTTT,1
655,TGTGCCAGCAGTTACAGTGGCAGGGGGATGTATAATTCACCCCTCCACTTT,1
656,TGTGCCAGCAGTTACATGGTCCAGGCTACTAACTATGGCTACACCTTC,3
657,TGTGCCAGCAGTTACATTAGCGGGGGGCGCCCAGATACGCAGTATTTT,1
658,TGTGCCAGCAGTTACCAGACAGGGGCTGGGAACTATGGCTACACCTTC,1
659,TGTGCCAGCAGTTACCAGAGCAATCAGCCCCAGCATTTT,1
660,TGTGCCAGCAGTTACCCCTTACTAGGGGGCGGCGGCTATGAGCAGTTCTTC,1
661,TGTGCCAGCAGTTACCCTACAGGAACTGAAGCTTTCTTT,1
662,TGTGCCAGCAGTTACCCTCCCAGGGGAGTTATGAATTCACCCCTCCACTTT,1
663,TGTGCCAGCAGTTACCGCACAGGGAATCAGCCCCAGCATTTT,1
664,TGTGCCAGCAGTTACCGCGGGACAGAAGCTTTCTTT,1
665,TGTGCCAGCAGTTACCGGGACTCTGGGGCCAACGTCCTGACTTTC,1
666,TGTGCCAGCAGTTACCGGTCGGGACAGCCATTCTTT,1
667,TGTGCCAGCAGTTACCGTAGCGGGGGAATCTACAATGAGCAGTTCTTC,1
668,TGTGCCAGCAGTTACCGTGAGACCTACGAGCAGTACTTC,1
669,TGTGCCAGCAGTTACCTCTTTCAAGAGACCCAGTACTTC,1
670,TGTGCCAGCAGTTACGCTCCGCAGGCCCCGTTCTTC,1
671,TGTGCCAGCAGTTACGCTTCGAACACCGGGGAGCTGTTTTTT,1
672,TGTGCCAGCAGTTACGGACAGGGGGCTTCGGGCTACACCTTC,1
673,TGTGCCAGCAGTTACGGACTAGCGGGGGGCTACGAGACCCAGTACTTC,1
674,TGTGCCAGCAGTTACGGGATAGACCCAGATACGCAGTATTTT,3
675,TGTGCCAGCAGTTACGGGGCTAGCGGGGGACCCTACGAGCAGTACTTC,1
676,TGTGCCAGCAGTTACGGGTCCGTAGGGACTGAAGCTTTCTTT,2
677,TGTGCCAGCAGTTACTATCGCACAGGGGCTTACGAGCAGTACTTC,1
678,TGTGCCAGCAGTTACTCAGGGGACAATTCACCCCTCCACTTT,1
679,TGTGCCAGCAGTTACTCCCAGAACACCGGGGAGCTGTTTTTT,1
680,TGTGCCAGCAGTTACTCCCCTGACGGAAAGAGAGCTTTCTTT,1
681,TGTGCCAGCAGTTACTCCCGAATTTCATACGAGCAGTACTTC,1
682,TGTGCCAGCAGTTACTCCCGGACAGCAGAAAAACTGTTTTTT,1
683,TGTGCCAGCAGTTACTCCCGGACCCGGGGGGATCAGCCCCAGCATTTT,1
684,TGTGCCAGCAGTTACTCCGACCGGGGGGCCCAGTACTTC,1
685,TGTGCCAGCAGTTACTCCGGGGGGTATCGCAGCACCGGGGAGCTGTTTTTT,1
686,TGTGCCAGCAGTTACTCGAAGGCTGAAAAACTGTTTTTT,1
687,TGTGCCAGCAGTTACTCGACTAGCGGGGGGAATGAGCAGTTCTTC,2
688,TGTGCCAGCAGTTACTCGAGAAGTCAAGAGACCCAGTACTTC,1
689,TGTGCCAGCAGTTACTCGAGGTGGTATACGCAGTATTTT,1
690,TGTGCCAGCAGTTACTCGAGTGGGAACACCTACGAGCAGTACTTC,1
691,TGTGCCAGCAGTTACTCGATGGTCCAGGGGGACTATGGCTACACCTTC,1
692,TGTGCCAGCAGTTACTCGATTACCAGCAATCAGCCCCAGCATTTT,1
693,TGTGCCAGCAGTTACTCGCGGACAGGGGGCACTGAAGCTTTCTTT,1
694,TGTGCCAGCAGTTACTCGGAAGCTACGGGAGCTTTCTTT,1
695,TGTGCCAGCAGTTACTCGGCCCGGATGTTCTCTGGAAACACCATATATTTT,1
696,TGTGCCAGCAGTTACTCGGGATCGGGGGCCTACAATGAGCAGTTCTTC,1
697,TGTGCCAGCAGTTACTCGTCAAGAGCCGAAGCTTTCTTT,1
698,TGTGCCAGCAGTTACTCTGTTCAGGCAGGGCGGCGATATGGCTACACCTTC,1
699,TGTGCCAGCAGTTACTTATTAGGGAGTTACGAGCAGTACTTC,1
700,TGTGCCAGCAGTTACTTGGGGAACACTGAAGCTTTCTTT,1
701,TGTGCCAGCAGTTACTTTAAGACACCGAACACTGAAGCTTTCTTT,1
702,TGTGCCAGCAGTTATAACAGGGCGACCGGGGAGCTGTTTTTT,1
703,TGTGCCAGCAGTTATCAGAGGAATTCACCCCTCCACTTT,1
704,TGTGCCAGCAGTTATCCACCGACGGGGGGCACTGAAGCTTTCTTT,1
705,TGTGCCAGCAGTTATCGGACAGGGGGCGATGGCTACACCTTC,1
706,TGTGCCAGCAGTTATCGGGACAGGTCGAACTATGGCTACACCTTC,1
707,TGTGCCAGCAGTTATTCCCCAGTCAGCTCTGGGGCCAACGTCCTGACTTTC,1
708,TGTGCCAGCAGTTATTCCGCCGACGGGCCCCAGCATTTT,1
709,TGTGCCAGCAGTTCAAAGACCACAGGGCTCACTGAAGCTTTCTTT,1
710,TGTGCCAGCAGTTCAGGGCCGGTGAACACTGAAGCTTTCTTT,1
711,TGTGCCAGCAGTTCAGGGTCTAGCTCCTACGAGCAGTACTTC,1
712,TGTGCCAGCAGTTCATCAAAATTGTACGAGCAGTACTTC,1
713,TGTGCCAGCAGTTCCACACCCAACGGGGAGTTCTTC,1
714,TGTGCCAGCAGTTCCCCAAGACCGGCCGATACGCAGTATTTT,1
715,TGTGCCAGCAGTTCCCCAGGGAGATACGAGCAGTACTTC,1
716,TGTGCCAGCAGTTCCCCGACAGGCAGCTCCTACGAGCAGTACTTC,1
717,TGTGCCAGCAGTTCCCCGGCCCGGCAGGAGGGGGGAAGCTCCTACAATGAGCAGTTCTTC,1
718,TGTGCCAGCAGTTCCCCTAGCGGGGCAGAAGAGACCCAGTACTTC,1
719,TGTGCCAGCAGTTCCCGACAGGGGGGCTCAGATACGCAGTATTTT,1
720,TGTGCCAGCAGTTCCCTTATCAGCTCCTACGAGCAGTACTTC,1
721,TGTGCCAGCAGTTCCGACAGGGTAATCTACGAGCAGTACTTC,1
722,TGTGCCAGCAGTTCGACCCCAGGGGCCCAGTACTTC,1
723,TGTGCCAGCAGTTCGACCGGCGGGGCGGGGACCTACGAGCAGTACTTC,1
724,TGTGCCAGCAGTTCTACAGGGGGCCGGGATGAAAAACTGTTTTTT,1
725,TGTGCCAGCAGTTCTCCGGGACCCGGCGGCAATGAGCAGTTCTTC,1
726,TGTGCCAGCAGTTCTGACAGGACCTACGAGCAGTACTTC,1
727,TGTGCCAGCAGTTCTTCAGGGAACACTGAAGCTTTCTTT,1
728,TGTGCCAGCAGTTGGACGGCTGGAAGCTACACCTTC,1
729,TGTGCCAGCAGTTGGGACAGCTCTGGGGCCAACGTCCTGACTTTC,3
730,TGTGCCAGCAGTTGGGACAGTTACGAGCAGTACTTC,1
731,TGTGCCAGCAGTTTAACCCCCGATCCCGACAATGAGCAGTTCTTC,1
732,TGTGCCAGCAGTTTAACTCGGCAGAGTTACCTTGAAGCTTTCTTT,1
733,TGTGCCAGCAGTTTAAGGCACATTAGCAATCAGCCCCAGCATTTT,1
734,TGTGCCAGCAGTTTAAGGGTGAACACTGAAGCTTTCTTT,1
735,TGTGCCAGCAGTTTAATCTGGACAGGGAATGAGCAGTTCTTC,1
736,TGTGCCAGCAGTTTAATGAGGGATGCCGGGGAGCTGTTTTTT,1
737,TGTGCCAGCAGTTTACAAGTCGGGGGGGACTACGAGCAGTACTTC,1
738,TGTGCCAGCAGTTTACGCCCGGGACGAGCCTACGAGCAGTACTTC,1
739,TGTGCCAGCAGTTTACGGAGACAGGGGGCATGGACCGGGGAGCTGTTTTTT,1
740,TGTGCCAGCAGTTTACTGTCAGTTTCAGAGACCCAGTACTTC,1
741,TGTGCCAGCAGTTTAGATCCACGGGGAGGGGGCAGCTACGAGCAGTACTTC,1
742,TGTGCCAGCAGTTTAGCCGGGACAGGGAAGTTGGAAGCTTTCTTT,1
743,TGTGCCAGCAGTTTAGCGGGGGGGCACACAGATACGCAGTATTTT,1
744,TGTGCCAGCAGTTTAGCTCAAGGTTCCAACACCATATATTTT,1
745,TGTGCCAGCAGTTTAGGACAGGTCTCTGGGGCCAACGTCCTGACTTTC,1
746,TGTGCCAGCAGTTTAGGGCTCGGGAGCTCCTATAATTCACCCCTCCACTTT,6
747,TGTGCCAGCAGTTTAGGGGACAGGGGGAGGGAGACCCAGTACTTC,1
748,TGTGCCAGCAGTTTAGGTTACCAAGAGACCCAGTACTTC,1
749,TGTGCCAGCAGTTTATACCCGGGACAGGTGAGCACAGATACGCAGTATTTT,1
750,TGTGCCAGCAGTTTATACTCGTATATAACAGGGGAGGAAAAACTGTTTTTT,1
751,TGTGCCAGCAGTTTATCAGCCGGGGAGCTGTTTTTT,1
752,TGTGCCAGCAGTTTATCCGCAGGGATGAACACTGAAGCTTTCTTT,1
753,TGTGCCAGCAGTTTATCGGGTCTAGAACGCAATCAGCCCCAGCATTTT,1
754,TGTGCCAGCAGTTTATCTGGTTTGGACACTGAAGCTTTCTTT,1
755,TGTGCCAGCAGTTTATGGACAGGGTTTGGGAACTATGGCTACACCTTC,1
756,TGTGCCAGCAGTTTATGGTTGGGCGGGAACACTGAAGCTTTCTTT,1
757,TGTGCCAGCAGTTTCAGCTCACGGACCGGAAACACCATATATTTT,1
758,TGTGCCAGCAGTTTCATTGGGGCTGGGACTGAAGCTTTCTTT,1
759,TGTGCCAGCAGTTTCGACGGGGGGCCCGCCTACGAGCAGTACTTC,1
760,TGTGCCAGCAGTTTCGGGCGGGGGTGTGAAGCTTTCTTT,1
761,TGTGCCAGCAGTTTCTACCAGAACTATGGCTACACCTTC,1
762,TGTGCCAGCAGTTTGAACTTACGGGGAGATACGCAGTATTTT,1
763,TGTGCCAGCAGTTTGAGGGGTAACGAGCAGTACTTC,1
764,TGTGCCAGCAGTTTGCAGGGGGCGGGATCCTACGAGCAGTACTTC,1
765,TGTGCCAGCAGTTTGCATATGGGGGCCGGCGGCTACACCTTC,1
766,TGTGCCAGCAGTTTGGAGGGGGCTGGGGTCAATGAGCAGTTCTTC,1
767,TGTGCCAGCAGTTTGGCCCGGAACACTGAAGCTTTCTTT,1
768,TGTGCCAGCAGTTTGGGACCGGGGGCAGATACGCAGTATTTT,1
769,TGTGCCAGCAGTTTGGGGGAGAACACTGAAGCTTTCTTT,1
770,TGTGCCAGCAGTTTGGTTACCCCGAAGGGGACCCAGTACTTC,1
771,TGTGCCAGCAGTTTGTCCTACGAGCAGTACTTC,1
772,TGTGCCAGCAGTTTTAAACCTACCTACGAGCAGTACTTC,1
773,TGTGCCAGCAGTTTTAGCGGGGGCCGGGACGAGCAGTACTTC,1
774,TGTGCCAGCAGTTTTAGGCGTCAGCCCCAGCATTTT,1
775,TGTGCCAGCAGTTTTCTCGGGGAGAGCACAGATACGCAGTATTTT,1
776,TGTGCCAGCAGTTTTGACGCTGGGGGTACGCAGTATTTT,1
777,TGTGCCAGCAGTTTTGAGCAGGGCTTAAACTATGGCTACACCTTC,1
778,TGTGCCAGCAGTTTTGGGCGAGTCTGGTATGGAAACACCATATATTTT,1
779,TGTGCCAGCAGTTTTTCAGATACGCAGTATTTT,1
780,TGTGCCAGCATAAGGGACAGGAATGAAAAACTGTTTTTT,1
781,TGTGCCAGCATCACACCGCTCAGTTGGCGCACTGAAGCTTTCTTT,1
782,TGTGCCAGCATCCCCCAACCGGGACAATCTACCACCGGGGAGCTGTTTTTT,1
783,TGTGCCAGCATCCGACAGGGGCGCAACACTGAAGCTTTCTTT,1
784,TGTGCCAGCATTAGTCAGGATATCTACGAGCAGTACTTC,1
785,TGTGCCAGCCACAGTATCTACGAGCAGTACTTC,1
786,TGTGCCAGCCCTTCAAGGGGGAACTCTGGGGCCAACGTCCTGACTTTC,1
787,TGTGCCAGCCTACCAATAACCGGGGGAGTGGCGACCCAGTACTTC,1
788,TGTGCCAGCCTCGGGCCCCGAGGGGGCAGGGCCTACGAGCAGTACTTC,1
789,TGTGCCAGCGAAAGTAATCAGCCCCAGCATTTT,1
790,TGTGCCAGCGACCAGGGGTTCAGGACCTACGAGCAGTACTTC,1
791,TGTGCCAGCGACTACTCCTACAATGAGCAGTTCTTC,1
792,TGTGCCAGCGATAACCCGCGGGAGAGAGCTTTCTTT,1
793,TGTGCCAGCGCACCCCTTGGGTCCTACGAGCAGTACTTC,1
794,TGTGCCAGCGCAGAGGGTGTCGGGTCACCCCTCCACTTT,1
795,TGTGCCAGCGCCGGGACTAGCGGGGGGCACGATACGCAGTATTTT,1
796,TGTGCCAGCGCCGGGACTCGCTCCGAGCAGTACTTC,1
797,TGTGCCAGCGCTGGCCGAGCAAAGTCGGATACGCAGTATTTT,1
798,TGTGCCAGCGGCAGGGTTGGCACTGAAGCTTTCTTT,1
799,TGTGCCAGCGGCTCCTCCTATAATTCACCCCTCCACTTT,1
800,TGTGCCAGCGGCTTAAGACAGGGAAGTGAAGCTTTCTTT,1
801,TGTGCCAGCGGCTTTTACAGGGCGCAGCCCCAGCATTTT,1
802,TGTGCCAGCGGGACTAGCGGGTTCAGGGATACGCAGTATTTT,1
803,TGTGCCAGCGGGGCGATCTATAATTCACCCCTCCACTTT,1
804,TGTGCCAGCGGGGGGCAGTCCCAGCATTTT,1
805,TGTGCCAGCGGGGGGGCGGGCAATCAGCCCCAGCATTTT,1
806,TGTGCCAGCGGTTCTGGAAACACCATATATTTT,1
807,TGTGCCAGCGGTTTAGAGAGAAACACCATATATTTT,1
808,TGTGCCAGCGGTTTCCGGGGGAATGGCTACACCTTC,1
809,TGTGCCAGCGTAGGACTAGGTGGCGAGCAGTACTTC,1
810,TGTGCCAGCTATAGGCCCAACACTGAAGCTTTCTTT,1
811,TGTGCCAGCTCACCACTCAGCCTAGCGGGGGTCGGGGAGCTGTTTTTT,1
812,TGTGCCAGCTCACCACTTTCCTCCGAGTCTATAGTCGGAAACACCATATATTTT,1
813,TGTGCCAGCTCACCCCGCAGGGGCAATCAGCCCCAGCATTTT,1
814,TGTGCCAGCTCATCCTCGTCGTCAGGGGCCACTGAAGCTTTCTTT,1
815,TGTGCCAGCTCCAAAAAATCACCCCTCCACTTT,1
816,TGTGCCAGCTCCCCGACAGGGGACGGAGCCAATCAGCCCCAGCATTTT,1
817,TGTGCCAGCTCCCTAAGCGGAAAACAGAATTCCCAGCATTTT,1
818,TGTGCCAGCTCTCCCCGGGACAGGAGACAAGAGACCCAGTACTTC,7
819,TGTGCCAGCTGGGCTAGCGGGGGCACAGATACGCAGTATTTT,1
820,TGTGCCAGGGCCAAGGACAGAAAAAACAATAATTCACCCCTCCACTTT,1
821,TGTGCCAGGGGATCAGGGGGCGCGGGAGAGACCCAGTACTTC,1
822,TGTGCCAGGGTGGGCGGTGACTATGGCTACACCTTC,1
823,TGTGCCAGTAAGGGGGCCGGGACAGCTATATCTGGGGCCAACGTCCTGACTTTC,1
824,TGTGCCAGTACCTTAGGACAGGACCTTGGCGGCTACACCTTC,1
825,TGTGCCAGTACTAGGGGAGATACGCAGTATTTT,1
826,TGTGCCAGTAGAAACCCCCCGGCCACTGAAGCTTTCTTT,1
827,TGTGCCAGTAGAACCGGGACAGGGATTGGCACCGGGGAGCTGTTTTTT,1
828,TGTGCCAGTAGCCACGGGACTAGGGAAGAGACCCAGTACTTC,1
829,TGTGCCAGTAGCCCAGGGTGGAACTATGGCTACACCTTC,1
830,TGTGCCAGTAGCCTGACAGGTTTAAGCAATCAGCCCCAGCATTTT,1
831,TGTGCCAGTAGTAAGGGAGATCTCTCTTCAGGGTCACCCCTCCACTTT,1
832,TGTGCCAGTAGTAAGGGGAGGCCGCGCGGGCACTATGGCTACACCTTC,1
833,TGTGCCAGTAGTACGCCACAGTACTACGGCTACACCTTC,1
834,TGTGCCAGTAGTAGACGACAGGGAGAGAACCAGCCCCAGCATTTT,1
835,TGTGCCAGTAGTAGGACAGGGGCCACTGAAGCTTTCTTT,1
836,TGTGCCAGTAGTATAACAGGGGGAATATACGAGCAGTACTTC,1
837,TGTGCCAGTAGTATAGAAGAGGGGTTGAGCGTATATAGCAATCAGCCCCAGCATTTT,1
838,TGTGCCAGTAGTATAGGGTGGGGGACTCTCCAGCCCCAGCATTTT,1
839,TGTGCCAGTAGTATTCCGGGTCTTGGGTCACCCCTCCACTTT,1
840,TGTGCCAGTAGTATTGCCGTCGCACTGAACACTGAAGCTTTCTTT,1
841,TGTGCCAGTAGTATTTCGTCAGTAAATTCACCCCTCCACTTT,1
842,TGTGCCAGTAGTGCGCAATTGGCAGCCCAGCATTTT,1
843,TGTGCCAGTAGTTCCAGTAACGGAAGGCACAATGAGCAGTTCTTC,1
844,TGTGCCAGTAGTTTCCGGGTTCGGCAGCCCCAGCATTTT,1
845,TGTGCCAGTGAGATGCTTCGTGGCACTGAAGCTTTCTTT,1
846,TGTGCCAGTGCCTCCTGGGGGACTGAAGCTTTCTTT,1
847,TGTGCCAGTGGACAGGGGGTCGTGTACGAGCAGTACTTC,1
848,TGTGCCAGTGGAGAGGGGGGCGAGCAGTACTTC,1
849,TGTGCCAGTGGGGAGAACGGGCTGAGCACAGATACGCAGTATTTT,1
850,TGTGCCAGTGTACTTGGGACAGCTTTTTTTGGGAAGTACTTC,1
851,TGTGCCAGTTTGGGACTAGCGACAGATACGCAGTATTTT,1
852,TGTGCCATCACCAAGGACGGGGGTAATTATCGAGATACGCAGTATTTT,1
853,TGTGCCATCACCGAGGTGGGGGAGGGCTACACCTTC,4
854,TGTGCCATCACGGACAGGGAATACGGCTACACCTTC,1
855,TGTGCCATCACTGCAGGGAAGTTGAACACTGAAGCTTTCTTT,1
856,TGTGCCATCAGAAGTGACAGGGGCGCCTATGGCTACACCTTC,1
857,TGTGCCATCAGGACAGGTCAGGCACCTGGGTCTGAAGCTTTCTTT,1
858,TGTGCCATCAGTGACAGGGGGCAAACTAATGAAAAACTGTTTTTT,1
859,TGTGCCATCAGTGAGAACAAAAGCAATCAGCCCCAGCATTTT,1
860,TGTGCCATCAGTGAGCAGACAGGGAGGACTGAAGCTTTCTTT,1
861,TGTGCCATCAGTGAGTCCCCAGGGTCAAGTACTGAAGCTTTCTTT,1
862,TGTGCCATCAGTGAGTCGGAGGGCTACACCTTC,1
863,TGTGCCATCAGTGAGTTAGCGGGGGGGCAAGAGACCCAGTACTTC,1
864,TGTGCCATCAGTGATGGGTTTAATGAAAAACTGTTTTTT,1
865,TGTGCCATCGCGGGGGGGCCAGGGAATGAGCAGTTCTTC,1
866,TGTGCCCAGACAGGGAGTTCCTACGAGCAGTACTTC,1
867,TGTGCCGCGGGGGGCAGGAGCAATCAGCCCCAGCATTTT,1
868,TGTGCCGGTGCGGGGGGGCCGGACGGGGAGCTGTTTTTT,1
869,TGTGCCTCACAAGGCAGGAGGGACACTGAAGCTTTCTTT,1
870,TGTGCCTCCCGAGGACAGGCCTCCTATGGCTACACCTTC,2
871,TGTGCCTCCGGACAGGGGGCGCAGGGTGAAAAACTGTTTTTT,1
872,TGTGCCTCGGGCCGGAGACCCTCCTACGAGCAGTACTTC,1
873,TGTGCCTCTTCTCCAGGGGGCGCGGGGGAGCAGTACTTC,1
874,TGTGCCTGGAATATCCGGCTAGCGGGGAACAATGAGCAGTTCTTC,1
875,TGTGCCTGGACTTGGTTGGGGGGCGGAACTGAAGCTTTCTTT,1
876,TGTGCCTGGAGACCTTTTGAGGGGGCCGTAGGGGAAAAACTGTTTTTT,1
877,TGTGCCTGGAGACTGGGGGTCACGGACGATAAGTACTTC,1
878,TGTGCCTGGAGATTCAACACTGAAGCTTTCTTT,1
879,TGTGCCTGGAGCCGCCGGTTGGGCCCACCACCTGAAGCTTTCTTT,1
880,TGTGCCTGGAGGGGACAGTCCCTCTCCTACGAGCAGTACTTC,1
881,TGTGCCTGGAGTAGGGGGCTAGCGACAGATACGCAGTATTTT,1
882,TGTGCCTGGAGTATTAGGACGGCGGGTACTGAAGCTTTCTTT,1
883,TGTGCCTGGAGTCAGGGCGCTGAAGCTTTCTTT,1
884,TGTGCCTGGAGTCCACAGGGTTACGAGCAGTACTTC,1
885,TGTGCCTGGAGTCCCAAGGGGGGCAGGGGGAGGCATGGCTACACCTTC,1
886,TGTGCCTGGAGTGACAGGGCTGAAGCTTTCTTT,1
887,TGTGCCTGGAGTGACAGTTCGAACACCGGGGAGCTGTTTTTT,1
888,TGTGCCTGGAGTGCTGACATCGGCTATCAGCCCCAGCATTTT,1
889,TGTGCCTGGAGTGGCATACCTGGAAACACCATATATTTT,1
890,TGTGCCTGGAGTGGTCTCACAGATACGCAGTATTTT,1
891,TGTGCCTGGAGTGTCTCCCCGGCGCTGTTTTTT,1
892,TGTGCCTGGAGTGTGGAGGGCAGGGCCTATAATTCACCCCTCCACTTT,1
893,TGTGCCTGGAGTGTTTCTCCAGGGGGGAACACTGAAGCTTTCTTT,1
894,TGTGCCTGGAGTTTGCGGGGTAACACTGAAGCTTTCTTT,1
895,TGTGCCTGGATACGTTCCGGGGTGGATGAAAAACTGTTTTTT,1
896,TGTGCCTGGGACAGGAGTACTGAAGCTTTCTTT,1
897,TGTGCCTGGGACAGGGGCCGCGCCTACGAGCAGTACTTC,1
898,TGTGCCTGGGATCATCTAGCGGGGGGAAGTTGGGATGAGCAGTTCTTC,1
899,TGTGCCTGGGCCCAGGGACAGGGTTTCACTGAAGCTTTCTTT,1
900,TGTGCGCTTAGACCCCCCGGGACAAACTATGGCTACACCTTC,1
901,TGTGCTACAGGAGTCAGGACAGATACGCAGTATTTT,1
902,TGTGCTAGCAGCTTAGGCCGACAGATCTACAATGAGCAGTTCTTC,1
903,TGTGCTAGCGCCCCCAGCGGGGGCTACACCGGGGAGCTGTTTTTT,1
904,TGTGCTAGTGGCCTCCCCCCAGGAAGGCGGGTCTTT,1
905,TGTGCTAGTGGTCCAAGCGGGGGAACCTACAATGAGCAGTTCTTC,1
