cdr3s_nt,count
TRA:TGCATCCTGACTACCGGGGCTGGGAGTTACCAACTCACTTTC;TRB:TGTGCCAGCAATTACGTAGGGGGGAACACTGAAGCTTTCTTT,1
TRA:TGCATCCTGAGAGACCATAATAATGCAGGCAACATGCTCACCTTT;TRB:TGTGCCAGCAGCCCCAGGGGACTCTCCCTGGGAAACACCATATATTTT,1
TRA:TGCATCCTGAGAGGAGGCTCTGGCAACACAGGCAAACTAATCTTT;TRB:TGTGCCAGTAGTATCTGGGTGGGGGCCGGGACAGATACGCAGTATTTT,1
TRA:TGCATCCTGGCGGACGGCAACACAGGCAAACTAATCTTT;TRB:TGTGCCAGCAGCTTGTCTGGCGGACAGAACTATGGCTACACCTTC,1
TRA:TGCATCGTCAGAGTCGCCATGTATGCTGGCAACAACCGTAAGCTGATTTGG;TRB:TGTGCCAGTAGTTCGCATTTTGGACAGGGGGCCGGTTTGGATACGCAGTATTTT,1
TRA:TGCATCGTCAGATCACCCAAAACCAGTGGCTCTAGGTTGACCTTT;TRB:TGTGCCAGCAGTTTGGGACAGGTAGGGTCATGGCCCCAGCATTTT,1
TRA:TGCCTCGTGGGTCGTCTCTTTTCTGGTGGCTACAATAAGCTGATTTTT;TRB:TGTGCTAGTGGTTTCAGCGGGGGCCTATACAATGAGCAGTTCTTC,1
TRA:TGCCTCGTGGGTGACGGTGGGACTGGAGGCTTCAAAACTATCTTT;TRB:TGTGCCAGCAGCTACCGGACAGGGATCCTCTACGAGCAGTACTTC,1
TRA:TGCCTCGTGGGTGCCCCAGTTACGGGCACTGCCAGTAAACTCACCTTT;TRB:TGTGCCAGCAGCTCCCCGCCCAGAGACCGGGACTCCCTAGCCAAAAACATTCAGTACTTC,1
TRA:TGCCTCGTGGGTGCCTTCGATACTGGAGGCTTCAAAACTATCTTT;TRB:TGCAGTGCCCTGAGCATAGCGGGGGATCAAGAGACCCAGTACTTC,1
TRA:TGCGCTGTGAGTGCGGCTATTCCGGGGGCCAGACTCATGTTT;TRB:TGTGCCAGCAGCCTAGGACAGGGACAACTCTATGGCTACACCTTC,1
TRA:TGCGGCACAGTAGATAATGCAGGCAACATGCTCACCTTT;TRB:TGTGCCAGCAGCCCAGGGACAGGGTTCGAGCAGTACTTC,1
TRA:TGTGCAATGAGAGAGGCGGCTAACTTTGGAAATGAGAAATTAACCTTT;TRB:TGTGCCAGCAGCGGTCAGGGGGCTAAAAACATTCAGTACTTC,1
TRA:TGTGCAATGAGAGAGTCAGGAAACACACCTCTTGTCTTT;TRB:TGTGCCAGCAGCCAAGGTCTCGGGTATAATTCACCCCTCCACTTT,1
TRA:TGTGCAATGAGAGCGATGGATAGCAACTATCAGTTAATCTGG;TRB:TGTGCCAGCAGTTACTCGATGACGGGGGAGTTCCAAGAGACCCAGTACTTC,1
TRA:TGTGCAATGAGAGGACGTTCTAACGACTACAAGCTCAGCTTT;TRB:TGTGCCAGCAGTTCGGCTTCGGGACAGGGGGCTGATGGCTACACCTTC,1
TRA:TGTGCAATGAGAGGGCCAGGAAACACACCTCTTGTCTTT;TRB:TGTGCCAGCAGTGACTCCGGACTAGCGGGGGAGTGCACCTACGAGCAGTACTTC,1
TRA:TGTGCAGAGAATATCGCGGGTAATTATGGAGGAAGCCAAGGAAATCTCATCTTT;TRB:TGCGCCAGCAGCTTAACAGGGGTTTACGGCTACACCTTC,1
TRA:TGTGCAGAGAATGGGGGAAGCCAAGGAAATCTCATCTTT;TRB:TGCGCCAGCAGCTTGGAAGGTAATCAGCCCCAGCATTTT,1
TRA:TGTGCAGAGAGGAGGCTCTTATACTCTGGGGCTGGGAGTTACCAACTCACTTTC;TRB:TGTGCCAGCAGTGATCTCGGAGGGGACAATGAGCAGTTCTTC,1
TRA:TGTGCAGAGATCTATGATGGCCAGAAGCTGCTCTTT;TRB:TGTGCCAGCAGTTTGAGAATGAACACTGAAGCTTTCTTT,1
TRA:TGTGCAGAGATTCGGGCTGGTGGTACTAGCTATGGAAAGCTGACATTT;TRB:TGTGCCAGCAGCGTAGCCGAAGGCACTGAAGCTTTCTTT,1
TRA:TGTGCAGCAACCTATTCCTCTGGGGGTTACCAGAAAGTTACCTTT;TRB:TGCAGTGCTAACAGACAGGCCGACACTGAAGCTTTCTTT,1
TRA:TGTGCAGCAAGACCCGACAATGACATGCGCTTT;TRB:TGCAGTGCCCGGACAGGGGGCTCGGAAAATTCACCCCTCCACTTT,1
TRA:TGTGCAGCAAGCACAGGCGGTGCTGACGGACTCACCTTT;TRB:TGTGCCAGCAGCTTGGATCTAGCGGGGACCTCGGTCGGCGAGCAGTACTTC,1
TRA:TGTGCAGCAAGCATGTACAACCAGGGAGGAAAGCTTATCTTC;TRB:TGCGCCAGCAGGTTGCAGCCAGGGGGCTTGGACACTGAAGCTTTCTTT,1
TRA:TGTGCAGCAAGCGCGAACTTTGGAAATGAGAAATTAACCTTT;TRB:TGTGCCAGCAGTCCCGGGGACCGAAACACCGGGGAGCTGTTTTTT,1
TRA:TGTGCAGCAAGCGCGAAGGGTAAGATACTCACGGGAGGAGGAAACAAACTCACCTTT;TRB:TGCAGTGCTAGACAGGGCGGCAATCAGCCCCAGCATTTT,1
TRA:TGTGCAGCAAGCGGAGGAAGCCAAGGAAATCTCATCTTT;TRB:TGTGCCAGCAGTGAGGGATGGGGGCGGTACGAGCAGTACTTC,1
TRA:TGTGCAGCAAGCGGGAGTGGAGGTAGCAACTATAAACTGACATTT;TRB:TGCAGCGCCAAAGGCAGCTATGGCTACACCTTC,1
TRA:TGTGCAGCAAGTAAACGCGGTAACCAGTTCTATTTT;TRB:TGCGCCAGCAGCCAGCAAGACAGGTCGAACACCGGGGAGCTGTTTTTT,1
TRA:TGTGCAGCAAGTATACCCGGCACTGCCAGTAAACTCACCTTT;TRB:TGTGCCAGCAGCGTCGAGGAGGGACCCCCTTTTTGGTTTTATGGCTACACCTTC,1
TRA:TGTGCAGCAAGTATATTTCGCAATAACAATGACATGCGCTTT;TRB:TGTGCCAGCAGCCAGGGGTACGAGCAGTACTTC,1
TRA:TGTGCAGCAAGTATGGGGTATGGTCAGAATTTTGTCTTT;TRB:TGCAGTGCAAAACCGGGACAGGGGGCGGGGATAAATCAGCCCCAGCATTTT,1
TRA:TGTGCAGCAATCAGAGAGGGGAATAATGCAGGCAACATGCTCACCTTT;TRB:TGTGCCAGCAGTTACTCCGCAGGTTTAATCACCGGGGAGCTGTTTTTT,1
TRA:TGTGCAGCACAAGCTGCAGGCAACAAGCTAACTTTT;TRB:TGTGCCAGCAGTTGGGACAGGGGGACTACACACAATGAGCAGTTCTTC,1
TRA:TGTGCAGCCCACCGTCTGAATTCCGGGTATGCACTCAACTTC;TRB:TGCAGTGCCACCCAGGGAGGAGACTATGGCTACACCTTC,1
TRA:TGTGCAGGAGCGAACTCAGGAACCTACAAATACATCTTT;TRB:TGTGCCAGCGGAGCGTACGAGCAGTACTTC,1
TRA:TGTGCAGGGACTAACGACTACAAGCTCAGCTTT;TRB:TGTGCCAGCAGTTACTCCGCGGGCTCCTACGAGCAGTACTTC,1
TRA:TGTGCCGTGAATGCGGGCAACACCGACAAGCTCATCTTT;TRB:TGTGCCAGCGGACAGGAGACGCAGTATTTT,1
TRA:TGTGCCGTGACCTGGTATTCAGGAGGAGGTGCTGACGGACTCACCTTT;TRB:TGTGCCAGCAGCTTGTTTTTACCAGGGCAGGGGGAGCAGTTCTTC,1
TRA:TGTGCCGTGAGGATCGGAACAGGCTTTCAGAAACTTGTATTT;TRB:TGTGCCAGCAGCTTATTCACTTTGGGCCCTACTGGAGGTGAGCAGTTCTTC,1
TRA:TGTGCCGTGGGTAACACCGGTAACCAGTTCTATTTT;TRB:TGCAGCATACCGGGACAGGGGGCTGTAGGTACGCAGTATTTT,1
TRA:TGTGCCTCGACCCAGGGCGGATCTGAAAAGCTGGTCTTT;TRB:TGCGCCAGCAGCTTGGACGGGGACAGGATTTTCTATGGCTACACCTTC,1
TRA:TGTGCCTCTATGGATAGCAACTATCAGTTAATCTGG;TRB:TGTGCCAGCAGCCAAGGTGTGCGGGACGCCTACAATGAGCAGTTCTTC,1
TRA:TGTGCCTTTAAACAGGACAGAGGCTCAACCCTGGGGAGGCTATACTTT;TRB:TGTGCCAGCAGTTTATCATCAAGCTTTTCCTATAATTCACCCCTCCACTTT,1
TRA:TGTGCCTTTATAACCGGCACTGCCAGTAAACTCACCTTT;TRB:TGTGCCAGCAGTCCTGCTAGCGGGGGAACCTACGAGCAGTACTTC,1
TRA:TGTGCGGGAGGCTCTAGCAACACAGGCAAACTAATCTTT;TRB:TGCAGTGCTAGAGAGGGGGACTTCCCCCACGAGCAGTACTTC,1
TRA:TGTGCTACGGACACCCGCCATGGAATTCAGGGAGCCCAGAAGCTGGTATTT;TRB:TGTGCCAGCAGCTACGTATTGATCGGAGGGTATGGGGGGGATACTCCTGAAGCTTTCTTT,1
TRA:TGTGCTACGGACCGGAAGAGCAATAACAATGACATGCGCTTT;TRB:TGTGCCAGCTCACCAAAAGCTAGCGGGGGGTCTGCATCCGCGCCAGATACGCAGTATTTT,1
TRA:TGTGCTACGGACTTTATATACAACTTCAACAAATTTTACTTT;TRB:TGTGCCAGTTCCCGTTGGGTAGCGGGGGGCGAAAGCTACGAGCAGTACTTC,1
TRA:TGTGCTACTCTCCTTTCTGGTTCTGCAAGGCAACTGACCTTT;TRB:TGTGCCAGCAGCTTATTGGCGACAGGGGCCACCCGCGGCAAGGTCTACGAGCAGTACTTC,1
TRA:TGTGCTCAAGGGACACGTGGTACTAGCTATGGAAAGCTGACATTT;TRB:TGTGCCAGTAGTACCGTCTATGGCGCCTACGAGCAGTACTTC,1
TRA:TGTGCTCCGGGAGCTGCAGGCAACAAGCTAACTTTT;TRB:TGTGCCAGCAGCCTGGGACAGGGGGGCCACGAGCAGTACTTC,1
TRA:TGTGCTCTAAAGCCTGGCAACACAGGCAAACTAATCTTT;TRB:TGCGCCAGCAGCCTACCCTTGGTGGGAAGTCAGACCTACGAGCAGTACTTC,1
TRA:TGTGCTCTAAGAGAGAACTTCAACAAATTTTACTTT;TRB:TGCAGTGCTATTTGGACAGGTCCCCCTGGGGCCAACGTCCTGACTTTC,1
TRA:TGTGCTCTAAGTGGTTATAACACCGACAAGCTCATCTTT;TRB:TGTGCCAGCAGAACAGAGGGGTTGGAGCAGTACTTC,1
TRA:TGTGCTCTATCCTCGAACACCGGTAACCAGTTCTATTTT;TRB:TGTGCCAGCAGATACGACACGCCACCCCTCCACTTT,1
TRA:TGTGCTCTCTATGAGGGGGGAGGTGCTGACGGACTCACCTTT;TRB:TGCGCCAGCAGCTTGGGGGGATTCTCGCGGATTGCTGAAGCTTTCTTT,1
TRA:TGTGCTCTGAGGACAGGCTTTCAGAAACTTGTATTT;TRB:TGCAGCTCCCGGGACAACACCAACAATGAGCAGTTCTTC,1
TRA:TGTGCTCTGAGTAGAAAAACCTCCTACGACAAGGTGATATTT;TRB:TGTGCCAGCAGCAAGAACACTGAAGCTTTCTTT,1
TRA:TGTGCTCTGAGTGAGATATTTTCAGGATACAGCACCCTCACCTTT;TRB:TGCGCCAGCAGCACCGGACAGGGCGATAATTCACCCCTCCACTTT,1
TRA:TGTGCTCTGAGTGAGATCTTACCCCCGGGAGCCCAGAAGCTGGTATTT;TRB:TGTGCCAGCAGCGGACAGGGGGCTATCTATGGCTACACCTTC,1
TRA:TGTGCTCTGAGTGAGGATGCGGGCTCTGGCAACACAGGCAAACTAATCTTT;TRB:TGTGCCACCAGTGACCAGACAGCCTCTGGGGCCAACGTCCTGACTTTC,1
TRA:TGTGCTCTGAGTGAGGCAATGGGCTACAAGCTCAGCTTT;TRB:TGTGCCAGCAGCGCACCAGGGGCCGGCACAGATACGCAGTATTTT,1
TRA:TGTGCTGCATCCCCAGGGAGAGACTACAAGCTCAGCTTT;TRB:TGTGCCAGCAGTGCAGGGGAGGATACGCAGTATTTT,1
TRA:TGTGCTGGGCTAGATAGCAACTATCAGTTAATCTGG;TRB:TGTGCCAGCAGCCAAGGCGTAGCGGGGTTAGAGACCCAGTACTTC,1
TRA:TGTGCTGGTTTGGGGGCTGGGAGTTACCAACTCACTTTC;TRB:TGTGCCAGCAGCTTTGGGGGCGCGGGCTACAATGAGCAGTTCTTC,1
TRA:TGTGCTGTCATAGAGAGTAGCAACTATAAACTGACATTT;TRB:TGTGCCATCAGTGATTTCCCCCAAGAGACCCAGTACTTC,1
TRA:TGTGCTGTCCTGGATAGCAACTATCAGTTAATCTGG;TRB:TGTGCCAGCAGAAGACTAGCGGACACAGATACGCAGTATTTT,1
TRA:TGTGCTGTGAACACAGGCTTTCAGAAACTTGTATTT;TRB:TGCGCCAGCATCCCTCTGAACACCGGGGAGCTGTTTTTT,1
TRA:TGTGCTGTGACCGAAAAAGCTGCAGGCAACAAGCTAACTTTT;TRB:TGTGCCAGCAGCCGACCGACTAGCGGGTGGGAGCTGTTTTTT,1
TRA:TGTGCTGTGACCTTGATGTATTCAGGAGGAGGTGCTGACGGACTCACCTTT;TRB:TGTGCCAGCAGGCAGACAGAATATTCACCCCTCCACTTT,1
TRA:TGTGCTGTGAGAGACCGAAAGAGGGGTGCTACAAACAAGCTCATCTTT;TRB:TGCGCCAGCAGCTTGGCTTACTCGGGACAAAGCTACGAGCAGTACTTC,1
TRA:TGTGCTGTGAGAGATAGCAACTATCAGTTAATCTGG;TRB:TGTGCCAGCAGTGACAGGGACACCGGGGAGCTGTTTTTT,1
TRA:TGTGCTGTGAGAGATCCCGATTCAGGATACAGCACCCTCACCTTT;TRB:TGTGCCAGCAGTGTTAGCGGGGACCAAGAGACCCAGTACTTC,1
TRA:TGTGCTGTGAGCCCTTCTGGGGCTGGGAGTTACCAACTCACTTTC;TRB:TGTGCCAGCAGCTTAGCGCGACAGGGGGCGGATACGCAGTATTTT,1
TRA:TGTGCTGTGAGTGATAACGACTACAAGCTCAGCTTT;TRB:TGTGCCAGCAGTTTATACAGTTTGAACACTGAAGCTTTCTTT,1
TRA:TGTGCTGTGAGTGATCAGGAGAATTCTGGGGGTTACCAGAAAGTTACCTTT;TRB:TGCGCCAGCAGCCAAGGGACAGGGGTATTTGGCTACACCTTC,1
TRA:TGTGCTGTGAGTGGAGGAGGAGACAGACTCGCTTTT;TRB:TGCAGTGCTAGAGATGGTTCTAGGGGGAACACTGAAGCTTTCTTT,1
TRA:TGTGCTGTGGACCAGGCAGGAACTGCTCTGATCTTT;TRB:TGCGCCAGCAGCCAACTCCTGGGACAGGGTCCCTACGAGCAGTACTTC,1
TRA:TGTGCTGTGGAGCGCTATGGAAACAAACTGGTCTTT;TRB:TGTGCCAGCAGCAACCACTACGAGCAGTACTTC,1
TRA:TGTGCTGTGGAGGAATGGGACACCGACAAGCTCATCTTT;TRB:TGCAGTGCTTCTCTAGCGGGGGGTTACACCGGGGAGCTGTTTTTT,1
TRA:TGTGCTGTGGAGGATGGAGGAAGCCAAGGAAATCTCATCTTT;TRB:TGTGCCAGCAGAGGGGCGATTGCGACGGCCTATGGCTACACCTTC,1
TRA:TGTGCTGTGGAGGCCCCAACTGGGGCAAACAACCTCTTCTTT;TRB:TGTGCCAGCAGCCCCTCGCCGGGACCCTTTTCAAGTACGCAGTATTTT,1
TRA:TGTGCTGTTAATCATGGCTCTAGCAACACAGGCAAACTAATCTTT;TRB:TGCAGTGGAGCAGGGCCCAAATCGGAGTATGGCTACACCTTC,1
TRA:TGTGCTGTTCTGGATAGCAACTATCAGTTAATCTGG;TRB:TGTGCCAGCAGCCAAGATCCGGACCCCAGCACAGATACGCAGTATTTT,1
TRA:TGTGCTGTTGATACCGGCACTGCCAGTAAACTCACCTTT;TRB:TGCAGTGCTAGACGCCCCGGGGGTGGGTATGGCTACACCTTC,1
TRA:TGTGCTTATAGGAATTATGGAGGAAGCCAAGGAAATCTCATCTTT;TRB:TGCGCCAGCAGCCAAGAGAGGGGCCCCTCCTACGAGCAGTACTTC,1
TRA:TGTGCTTATAGGAGCGCAGGAAAGCTGACATTT;TRB:TGTGCCAGCAGCTTAGGATTAGAAATCTATGGCTACACCTTC,1
TRA:TGTGCTTATAGGAGCGCGCTTCAGGACATGCGCTTT;TRB:TGCGCCAGCAGCCAATCGCTCAGGCCCACCTACAATGAGCAGTTCTTC,1
TRA:TGTGCTTATGGAGGAACCTACAAATACATCTTT;TRB:TGCACACTCACCCAGGGCTCTGAGAACACTGAAGCTTTCTTT,1
TRA:TGTGCTTCCTATAGTGGAGGTAGCAACTATAAACTGACATTT;TRB:TGTGCCAGCAGTTTAGGTAACGAGCAGTACTTC,1
TRA:TGTGCTTTCATGAACCCTACAGGAAACACACCTCTTGTCTTT;TRB:TGTGCCAGCAGGATGGGGGTTTCTTACTATGGCTACACCTTC,1
TRA:TGTGCTTTTGAGGATAGCAACTATCAGTTAATCTGG;TRB:TGCAGTGTTACCCCTCCGAAGCGGGGGGGCCACGAGCAGTACTTC,1
TRA:TGTGGAGCAGACGGCCAGGGAGCCCAGAAGCTGGTATTT;TRB:TGCAGTGCTAAACCCCTAGCGGGGGCCACGAACACCGGGGAGCTGTTTTTT,1
TRA:TGTGTGGTGATCGCTGACTCTAACTTTGGAAATGAGAAATTAACCTTT;TRB:TGTGCCAGCAGTAAAAGTCCTTCCTTTTGGGACACTGAAGCTTTCTTT,1
TRA:TGTGTGGTGCCTCCGTACAGCAGTGCTTCCAAGATAATCTTT;TRB:TGTGCCAGCAGTGAGACAGGGTACTCTGGGGCCAACGTCCTGACTTTC,1
TRA:TGTGTGGTGGACTACAACTTCAACAAATTTTACTTT;TRB:TGTGCCAGCAGCCTGCTAACAGGGGGAGACACTGAAGCTTTCTTT,1
TRA:TGTGTTGTGAGTGATTCCCCAGGCAAACTAATCTTT;TRB:TGCGCCAGCAGCCGCCTCCGGGACCCCCTCCACGAGCAGTACTTC,1
